[
{
    "fields": {
        "model": "logentry",
        "name": "log entry",
        "app_label": "admin"
    },
    "model": "contenttypes.contenttype",
    "pk": 1
},
{
    "fields": {
        "model": "permission",
        "name": "permission",
        "app_label": "auth"
    },
    "model": "contenttypes.contenttype",
    "pk": 2
},
{
    "fields": {
        "model": "group",
        "name": "group",
        "app_label": "auth"
    },
    "model": "contenttypes.contenttype",
    "pk": 3
},
{
    "fields": {
        "model": "user",
        "name": "user",
        "app_label": "auth"
    },
    "model": "contenttypes.contenttype",
    "pk": 4
},
{
    "fields": {
        "model": "contenttype",
        "name": "content type",
        "app_label": "contenttypes"
    },
    "model": "contenttypes.contenttype",
    "pk": 5
},
{
    "fields": {
        "model": "session",
        "name": "session",
        "app_label": "sessions"
    },
    "model": "contenttypes.contenttype",
    "pk": 6
},
{
    "fields": {
        "model": "tag",
        "name": "tag",
        "app_label": "trip_journal_app"
    },
    "model": "contenttypes.contenttype",
    "pk": 7
},
{
    "fields": {
        "model": "story",
        "name": "story",
        "app_label": "trip_journal_app"
    },
    "model": "contenttypes.contenttype",
    "pk": 8
},
{
    "fields": {
        "model": "picture",
        "name": "picture",
        "app_label": "trip_journal_app"
    },
    "model": "contenttypes.contenttype",
    "pk": 9
},
{
    "fields": {
        "model": "stored_picture",
        "name": "stored_picture",
        "app_label": "trip_journal_app"
    },
    "model": "contenttypes.contenttype",
    "pk": 10
},
{
    "fields": {
        "model": "comment",
        "name": "comment",
        "app_label": "trip_journal_app"
    },
    "model": "contenttypes.contenttype",
    "pk": 11
},
{
    "fields": {
        "model": "map_artifact",
        "name": "map_artifact",
        "app_label": "trip_journal_app"
    },
    "model": "contenttypes.contenttype",
    "pk": 12
},
{
    "fields": {
        "model": "usersocialauth",
        "name": "user social auth",
        "app_label": "default"
    },
    "model": "contenttypes.contenttype",
    "pk": 13
},
{
    "fields": {
        "model": "nonce",
        "name": "nonce",
        "app_label": "default"
    },
    "model": "contenttypes.contenttype",
    "pk": 14
},
{
    "fields": {
        "model": "association",
        "name": "association",
        "app_label": "default"
    },
    "model": "contenttypes.contenttype",
    "pk": 15
},
{
    "fields": {
        "model": "code",
        "name": "code",
        "app_label": "default"
    },
    "model": "contenttypes.contenttype",
    "pk": 16
},
{
    "fields": {
        "expire_date": "2014-10-14T13:00:16Z",
        "session_data": "MjA1N2VjM2YxNzBkYzdiYTJlOTZhZmZmN2YxZDhjOTliOTkyMGJiNTqAAn1xAS4="
    },
    "model": "sessions.session",
    "pk": "29hs82cnj3dry60up8pwbpj3qbo1rw9p"
},
{
    "fields": {
        "expire_date": "2014-10-16T12:03:14Z",
        "session_data": "NWY3OGFiOGExNGNmOTg4MWI3NTliMDBhYTQ4OTAwMTcyYWY3ZDI0MDqAAn1xAVUKaXRlbXNfbGlzdHECfXEDKFUJaXRlbV90eXBlcQRVB3N0b3JpZXNxBVUFaXRlbXNxBl1xB31xCChVCGRpc3RhbmNlcQlHAAAAAAAAAABVBXN0b3J5cQpjZGphbmdvLmRiLm1vZGVscy5iYXNlCm1vZGVsX3VucGlja2xlCnELVRB0cmlwX2pvdXJuYWxfYXBwcQxVBVN0b3J5cQ2GXWNkamFuZ28uZGIubW9kZWxzLmJhc2UKc2ltcGxlX2NsYXNzX2ZhY3RvcnkKcQ6HUnEPfXEQKFUHdXNlcl9pZHERigEDVQV0aXRsZXESWDsAAADQnNCw0L3QtNGA0ZbQstC60LAg0L3QsCDQs9C+0YDRgyDQmtGW0L3QtNGA0LDRgiAoMTE1NSDQvC4pIFUMZGF0ZV9wdWJsaXNocRNjZGF0ZXRpbWUKZGF0ZXRpbWUKcRRVCgfeCgILAjUAAABjZGphbmdvLnV0aWxzLnRpbWV6b25lClVUQwpxFSlScRaGUnEXVQR0ZXh0cRhYbxMAAFt7Im1hcmtlciI6IG51bGwsICJjb250ZW50IjogItCX0LjQvNCwIC0g0LPQsNGA0L3QuNC5INGH0LDRgSDQtNC70Y8g0YLQvtCz0L4sINCw0LHQuCDQstGC0L7Qv9GC0YPQstCw0YLQuCDQvdC+0LLRliDQsNCx0L4g0LzQsNC50LbQtSDQt9Cw0LHRg9GC0ZYg0YHRgtCw0YDRliDQvNCw0YDRiNGA0YPRgtC4LiDQnNGD0YjRgyDQt9Cw0LfQvdCw0YfQuNGC0LgsINGJ0L4g0L7QtNC90L7QtNC10L3QvdGWINGC0LAg0LTQstC+0LTQtdC90L3RliDQvNCw0YDRiNGA0YPRgtC4INC80LXQvdGWINGW0LzQv9C+0L3Rg9GO0YLRjCDQvdCw0LnQsdGW0LvRjNGI0LUsINC+0YHQutGW0LvRjNC60Lgg0LTQvtC/0L7QvNCw0LPQsNGO0YLRjCDRgdC40YHRgtC10LzQsNGC0LjRh9C90L4g0LLQuNCx0LjRgNCw0YLQuNGB0Ywg0LIg0LPQvtGA0LgsINCwINC90LUg0YLRltC70YzQutC4INC/0ZbQtCDRh9Cw0YEg0LLRltC00L/Rg9GB0YLQutC4LCDQt9Cy0LjRh9Cw0LnQvdC+LCDRj9C60YnQviDQvNCw0L3QtNGA0ZbQstC90LjRhtGC0LLQviDQvdC1INGUINC00LvRjyDQstCw0YEg0L/RgNC+0YTQtdGB0ZbRlNGOLiA8YnI+IiwgInR5cGUiOiAidGV4dCJ9LCB7Im1hcmtlciI6IG51bGwsICJjb250ZW50IjogItCX0LDQv9C70LDQvdC+0LLQsNC90LAg0L3QuNGC0LrQsCDQvNCw0YDRiNGA0YPRgtGDINCy0LjQs9C70Y/QtNCw0LvQsCDRgtCw0Lo6IDxicj4iLCAidHlwZSI6ICJ0ZXh0In0sIHsibWFya2VyIjogbnVsbCwgInR5cGUiOiAiaW1nIiwgImlkIjogNTZ9LCB7Im1hcmtlciI6IG51bGwsICJjb250ZW50IjogItCU0L4g0LLQuNGF0ZbQtNC90L7RlyDRgtC+0YfQutC4LCDRgdGC0LDQvdGG0ZbRlyDQsiDRgS4g0KLRg9GF0LvRjyDQtNC+0LHQuNGA0LDQu9C40YHRjCDRltC3INCb0YzQstC+0LLQsCwg0LXQu9C10LrRgtGA0LjRh9C60L7RjiDQm9GM0LLRltCyLdCb0LDQstC+0YfQvdC1LiDQotCw0LrQvtC2INC00L7QsdC40YDQsNGC0LjRgdGMINC80L7QttC90LAg0LXQu9C10LrRgtGA0LjRh9C60L7RjiDRltC3INGB0YLQsNGC0YPRgdC+0Lwg0L/QvtGX0LfQtNCwINCb0YzQstGW0LIt0JzRg9C60LDRh9C10LLQtSDQsNCx0L4g0LzQsNGA0YjRgNGD0YLQutCw0LzQuCwg0Y/QutGWINC/0YDRj9C80YPRjtGC0Ywg0L3QsCDQodC70LDQstGB0YzQutC1LCDQktC+0LvQvtGB0Y/QvdC60YMg0YfQuCDQpdCw0YnQvtCy0LDQvdC1LiDQkiDQvdCw0YEg0YMg0JvRjNCy0L7QstGWINGG0ZYg0LzQsNGA0YjRgNGD0YLQutC4INCy0ZbQtNC/0YDQsNCy0LvRj9GO0YLRjNGB0Y8g0Lcg0JDQoS04LCDRidC+INC90LAg0JPQvtC70L7QstC90L7QvNGDINC30LDQu9GW0LfQvdC40YfQvdC+0LzRgyDQstC+0LrQt9Cw0LvRliwg0L/RgNC+0YLQtSDRl9C30LTRj9GC0Ywg0LLQvtC90Lgg0LTQvtGB0LjRgtGMINGA0ZbQtNC60L4sINGWINC30LAg0YHQstC+0ZfQvCBcItC90ZbQutC+0LzQviDQvdC10LLRltC00L7QvNC40LxcIiDQs9GA0LDRhNGW0LrQvtC8IDopIiwgInR5cGUiOiAidGV4dCJ9LCB7Im1hcmtlciI6IG51bGwsICJ0eXBlIjogImltZyIsICJpZCI6IDU3fSwgeyJtYXJrZXIiOiBudWxsLCAiY29udGVudCI6ICLQktGW0LQg0LfQsNC70ZbQt9C90LjRh9C90L7RlyDRgdGC0LDQvdGG0ZbRlyDQudC00LXQvNC+INC90LDQt9Cw0LQgMTUwIC0gMjAwINC8INCy0LfQtNC+0LLQtiDQutC+0LvRltGXINGWINC/0L7QstC10YDRgtCw0ZTQvNC+INC/0YDQsNCy0L7RgNGD0Ycg0YfQtdGA0LXQtyDQutC70LDQtNC60YMg0LIg0Y/RgCDQvdC10LLQtdC70LjRh9C60L7Qs9C+INC/0L7RgtGW0YfQutCwLCDRliDQv9C+INC00L7QsdGA0ZbQuSDQtNC+0YDQvtC30ZYsINC90LUg0LfQstCw0LbQsNGO0YfQuCDQvdCwINGB0L3RltCz0L7QstGWINC30LDQvNC10YLQuCwg0L/QvtC/0YDQuCDRhdCw0YLQuCwg0L/RltC00L3RltC80LDRlNC80L7RgdGMINC90LAg0LPQsNC70Y/QstC40L3QuCDQtyDQtNC+0YHQuNGC0Ywg0YLQsNC60LggXCLRgdCy0ZbQttC+0ZdcIiDQstC40YDRg9Cx0LrQuC4g0KLRg9GCINC90LDRgSDQt9GD0YHRgtGA0ZbRh9Cw0Y7RgtGMINCz0LDRgNC90ZYg0LrRgNCw0ZTQstC40LTQuCDQvdCwINGBLiDQotGD0YXQu9GOINGWINC90LDQstC60L7Qu9C40YjQvdGWINCz0L7RgNC4LiIsICJ0eXBlIjogInRleHQifSwgeyJtYXJrZXIiOiBudWxsLCAidHlwZSI6ICJpbWciLCAiaWQiOiA1OH0sIHsibWFya2VyIjogbnVsbCwgImNvbnRlbnQiOiAi0J/RgNCw0LrRgtC40YfQvdC+INCy0LXRgdGMINGH0LDRgSDQstC40LTRltC80ZbRgdGC0Ywg0L3QtSDQvdCw0LTRgtC+LCDQv9GA0L7RgtC1INC90LAg0LTQtdGP0LrQuNC5INGH0LDRgSDRhdC80LDRgNC4INGA0L7Qt9GF0L7QtNGP0YLRjNGB0Y8sINGWINC80Lgg0LLRgdGC0LjQs9Cw0ZTQvNC+INGC0YDQvtGF0Lgg0LfQsNC30L3QuNC80LrRg9Cy0LDRgtC4INC60YDQsNGU0LLQuNC00ZbQsiDRliDRgdC10LHQtSDQvdCwINGX0YUg0YTQvtC90ZYgOikiLCAidHlwZSI6ICJ0ZXh0In0sIHsibWFya2VyIjogbnVsbCwgInR5cGUiOiAiaW1nIiwgImlkIjogNTl9LCB7Im1hcmtlciI6IG51bGwsICJjb250ZW50IjogItCh0L3RltCzINC00YPQttC1INCz0LvQuNCx0L7QutC40LksINC80ZbRgdGG0Y/QvNC4INCy0LjRidC1INC60L7Qu9GW0L0uIiwgInR5cGUiOiAidGV4dCJ9LCB7Im1hcmtlciI6IG51bGwsICJ0eXBlIjogImltZyIsICJpZCI6IDYwfSwgeyJtYXJrZXIiOiBudWxsLCAiY29udGVudCI6ICLQndCwINGI0LvRj9GF0YMg0LTQviDQsy4g0JzQtdC90YfQtdC70LjQuiAoMTA3OCDQvC4pIiwgInR5cGUiOiAidGV4dCJ9LCB7Im1hcmtlciI6IG51bGwsICJ0eXBlIjogImltZyIsICJpZCI6IDYxfSwgeyJtYXJrZXIiOiBudWxsLCAiY29udGVudCI6ICLQkdCw0LPQsNGC0L4g0LLRltC0INC60L7Qs9C+INGH0YPQsiwg0YnQviDQvdCwINCz0LDQu9GP0LLQuNC90LDRhSDQv9GW0LQg0LLQtdGA0YjQuNC90L7RjiDQmtGW0L3QtNGA0LDRgtCwINGUIOKAkyDQstC10LvQuNGH0LXQt9C90ZYg0YfQvtGA0L3QuNGH0L3QuNC80LgsINGP0LrRliDRgyDQu9C40L/QvdGWLdGB0LXRgNC/0L3RliDRgNGP0YHQvdGW0Y7RgtGMINGP0LPQvtC00LDQvNC4LCDQvNC4INC2INCx0YPQu9C4INC30LjQvNC+0Y4g0ZYg0L3QtSDRgdGC0LDQu9C4INC/0LXRgNC10LLRltGA0Y/RgtC4INGH0Lgg0ZQg0L/RltC0INGB0L3RltCz0L7QvCDQutGD0YnRliDRj9Cz0ZbQtCA6KSIsICJ0eXBlIjogInRleHQifSwgeyJtYXJrZXIiOiBudWxsLCAidHlwZSI6ICJpbWciLCAiaWQiOiA2Mn0sIHsibWFya2VyIjogbnVsbCwgImNvbnRlbnQiOiAi0J3QtSDQt9Cy0LDQttCw0Y7Rh9C4INC90LAg0YLQtSwg0YnQviDRgdCw0LzQsCDQstC10YDRiNC40L3QsCDQsy4g0JrRltC90LTRgNCw0YIg0L/QvtCy0L3RltGB0YLRjiDQt9Cw0LvRltGB0LjQvdCwLCDQvdCwINC/0ZbQtNGF0L7QtNCw0YUg0LTQviDQvdC10Zcg0YLRgNCw0L/Qu9GP0Y7RgtGM0YHRjyDQs9Cw0LvRj9Cy0LjQvdC4LCDQtyDRj9C60LjRhSDQstGW0LTQutGA0LjQstCw0Y7RgtGM0YHRjyDQs9Cw0YDQvdGWINC60YDQsNGU0LLQuNC00LguIiwgInR5cGUiOiAidGV4dCJ9LCB7Im1hcmtlciI6IG51bGwsICJ0eXBlIjogImltZyIsICJpZCI6IDYzfSwgeyJtYXJrZXIiOiBudWxsLCAiY29udGVudCI6ICLQntC30L3QsNC60L7RjiDRgtC+0LPQviwg0YnQviDQstC4INC90LAg0LLQtdGA0YjQuNC90ZYg0JrRltC90LTRgNCw0YLQsCDRlCDQutCw0Lwn0Y/QvdCwINGB0YLQtdC70LAsINCwINGC0LDQutC+0LYg0L3QtdCy0ZbQtNC+0LzQsCDQvNC+0LPQuNC70LAuINCd0LDQv9C40YEg0L3QsCDRhdGA0LXRgdGC0ZYg0L/QvtCy0L3RltGB0YLRjiDRgdGC0LXRgNGB0Y8uINCf0YDQvtCx0YPQstCw0LIg0LLRltC00YjRg9C60LDRgtC4INCyINGW0L3RgtC10YDQvdC10YLRliDRh9C40Y8g0LLQvtC90LAsINC/0YDQvtGC0LUg0LzQtdC90ZYg0L3RltGGINC90LUg0LLQtNCw0LvQvtGB0YwuXG5cbtCv0Log0L/QuNGB0LDQsiDQstC40YnQtSwg0LzQuCDQv9C70LDQvdGD0LLQsNC70Lgg0YnQtSDQstC40LnRgtC4INC90LAg0LMuINCc0LDRgtCw0LPRltCyICgxMjE3INC8LiksINC/0YDQvtGC0LUg0YfQtdGA0LXQtyDQvtCx0LzQtdC20LXQvdC40Lkg0YfQsNGBINGWINC00L7RgdC40YLRjCDRgtCw0LrQuCDQs9C70LjQsdC+0LrQuNC5INGB0L3RltCzLCDQstGW0LTQutC70LDQu9C4INC/0ZbQtNC60L7RgNC10L3QvdGPINGG0ZbRlNGXINCy0LXRgNGI0LjQvdC4INC90LAg0LzQsNC50LHRg9GC0L3RlC4iLCAidHlwZSI6ICJ0ZXh0In0sIHsibWFya2VyIjogbnVsbCwgInR5cGUiOiAiaW1nIiwgImlkIjogNjR9LCB7Im1hcmtlciI6IG51bGwsICJjb250ZW50IjogItCXINCy0LXRgNGI0LjQvdC4INCa0ZbQvdC00YDQsNGC0LAg0L/QvtC/0YDRj9C80YPQstCw0LvQuCDQtNCw0LvRliDQv9C+INGF0YDQtdCx0YLRgyDQvdCwINC/0ZbQstC00LXQvdC90LjQuSDRgdGF0ZbQtC4g0J7RgNGW0ZTQvdGC0L7QstC90L4g0YfQtdGA0LXQtyDQv9GW0LLQutGW0LvQvtC80LXRgtGA0LAg0L3QsNGC0YDQsNC/0LvRj9GU0LzQviDQvdCwINC70ZbRgdC+0LLRgyDQtNC+0YDQvtCz0YMsINGP0LrQsCDQv9C70LDQstC90LjQvCDRgdC/0YPRgdC60L7QvCDQstC40LLQvtC00LjRgtGMINC90LDRgSDQtNC+INCy0LjRgNGD0LHQutC4LCDQt9Cy0ZbQtNC60Lgg0YLRgNCw0LrRgtC+0YDQvdC+0Y4g0LTQvtGA0L7Qs9C+0Y4g0LLQuNGF0L7QtNC40LzQviDQtNC+INGF0LDRgiDQsiDRgdC10LvRliDQm9C40LHQvtGF0L7RgNCwLCDRidC1INCx0LvQuNC30YzQutC+INC/0ZbQstCz0L7QtNC40L3QuCDRliDQvNC4INCyINGG0LXQvdGC0YDRliDRgdC10LvQsCDQsdGW0LvRjyDQtNC10YDQtdCy4oCZ0Y/QvdC+0Zcg0YbQtdGA0LrQstC4LiA8YnI+IiwgInR5cGUiOiAidGV4dCJ9LCB7Im1hcmtlciI6IG51bGwsICJ0eXBlIjogImltZyIsICJpZCI6IDY1fV1VBl9zdGF0ZXEZY2RqYW5nby5kYi5tb2RlbHMuYmFzZQpNb2RlbFN0YXRlCnEaKYFxG31xHChVBmFkZGluZ3EdiVUCZGJxHlUHZGVmYXVsdHEfdWJVBXRyYWNrcSBOVQlwdWJsaXNoZWRxIYhVC2RhdGVfdHJhdmVscSJjZGF0ZXRpbWUKZGF0ZQpxI1UEB94KAoVScSRVAmlkcSWKARJ1YnVhdXMu"
    },
    "model": "sessions.session",
    "pk": "cb26orcqdo38yc9kwz6x6w1qk3tfnuab"
},
{
    "fields": {
        "expire_date": "2014-10-16T10:25:06Z",
        "session_data": "MGE3ZjMxOWU3NzIxNzUzOGQxN2I5MzhjZThjMDRkYjAyNzIxYTE4OTqAAn1xAShVE2dvb2dsZS1vYXV0aDJfc3RhdGVYIAAAAHB0TkR3T21OSUdHTnBHTkJ5c0x0VXY0SzRGSmx2WmtGVQ1fYXV0aF91c2VyX2lkcQKKAQNVHnNvY2lhbF9hdXRoX2xhc3RfbG9naW5fYmFja2VuZHEDVQ1nb29nbGUtb2F1dGgycQRVEl9hdXRoX3VzZXJfYmFja2VuZHEFVSNzb2NpYWwuYmFja2VuZHMuZ29vZ2xlLkdvb2dsZU9BdXRoMnEGVQRuZXh0WAEAAAAvVQ9fYXV0aF91c2VyX2hhc2hxB1UoMTAyZmY4MDVjOGQ1N2JjZTk1ODEyZjQ5MzUyYjQ5MTNmMDNjNjlhOHUu"
    },
    "model": "sessions.session",
    "pk": "ibx4gnvyqkxzq6dc8ypvys6qje7cuwpo"
},
{
    "fields": {
        "expire_date": "2014-10-16T12:02:27Z",
        "session_data": "MWZhNmFiYjI2NmViOWQ4NzI2MTllYTE2M2FiZWI4NTRkNDg3NjViYTqAAn1xAVUKaXRlbXNfbGlzdHECfXEDKFUJaXRlbV90eXBlcQRVCHBpY3R1cmVzcQVVBWl0ZW1zcQZdcQcoY2RqYW5nby5kYi5tb2RlbHMuYmFzZQptb2RlbF91bnBpY2tsZQpxCFUQdHJpcF9qb3VybmFsX2FwcHEJVQdQaWN0dXJlcQqGXXELWAgAAABzdG9yeV9pZHEMYWNkamFuZ28uZGIubW9kZWxzLnF1ZXJ5X3V0aWxzCmRlZmVycmVkX2NsYXNzX2ZhY3RvcnkKcQ2HUnEOfXEPKFUIbGF0aXR1ZGVxEEdASHYVEd/8VFUIZGlzdGFuY2VxEUcAAAAAAAAAAFUGX3N0YXRlcRJjZGphbmdvLmRiLm1vZGVscy5iYXNlCk1vZGVsU3RhdGUKcRMpgXEUfXEVKFUGYWRkaW5ncRaJVQJkYnEXVQdkZWZhdWx0cRh1YlUCaWRxGYoBOFUJbG9uZ2l0dWRlcRpHQDd6S4e9zwN1YmgIaAloCoZdcRtoDGFoDYdScRx9cR0oaBBHQEh2FRHf/FRoEUcAAAAAAAAAAGgSaBMpgXEefXEfKGgWiWgXaBh1YmgZigFBaBpHQDd6S4e9zwN1YmgIaAloCoZdcSBoDGFoDYdScSF9cSIoaBBHQEh2rU9ZA6doEUc/aopHdbKTVGgSaBMpgXEjfXEkKGgWiWgXaBh1YmgZigE+aBpHQDeI0VJtix51YmgIaAloCoZdcSVoDGFoDYdScSZ9cScoaBBHQEh2rU9ZA6doEUc/aopHdbKTVGgSaBMpgXEofXEpKGgWiWgXaBh1YmgZigE/aBpHQDeI0VJtix51YmgIaAloCoZdcSpoDGFoDYdScSt9cSwoaBBHQEhLp7kXDWNoEUc/wkAqceF16mgSaBMpgXEtfXEuKGgWiWgXaBh1YmgZigE8aBpHQDeomWt2cKB1YmV1cy4="
    },
    "model": "sessions.session",
    "pk": "lectv59nsdxiet30e3g9f2ee6i73dvmj"
},
{
    "fields": {
        "expire_date": "2014-10-13T21:38:30Z",
        "session_data": "YzY5OTZhMGYwN2UzMmY1ZjdiNzllYTIzNGEwM2IzNGJiMWEwNzYxNDqAAn1xAShVDV9hdXRoX3VzZXJfaWRxAooBAlUOZmFjZWJvb2tfc3RhdGVYIAAAAEljOFA5bkdrQUVnYW9xYzZsdDlHNmY4SjViejVTcGNWVRJfYXV0aF91c2VyX2JhY2tlbmRxA1Unc29jaWFsLmJhY2tlbmRzLmZhY2Vib29rLkZhY2Vib29rT0F1dGgycQRVBG5leHRYAQAAAC9VHnNvY2lhbF9hdXRoX2xhc3RfbG9naW5fYmFja2VuZHEFWAgAAABmYWNlYm9va3EGVQ9fYXV0aF91c2VyX2hhc2hxB1UoMWYwZTJmNjMwMDFlZTMxYTExMmQ3MDQ0NWU1ZGM5NjQ2MmI4MDU2M3Uu"
    },
    "model": "sessions.session",
    "pk": "q0r4ikkv8pqkqdah7yvyg6j3ay6saivh"
},
{
    "fields": {
        "expire_date": "2014-10-14T16:41:47Z",
        "session_data": "NWY0ZWEwMjcwMGFjNGIzMjkzZWZkZmY1MDY2OTIxNzJlNmQwNDk4NTqAAn1xAShVE2dvb2dsZS1vYXV0aDJfc3RhdGVYIAAAAFUzWXRjR3lHQ3FrT1pOaTkxR292NDFDUVNQSE5hZ1JmVQ1fYXV0aF91c2VyX2lkcQKKAQFVHnNvY2lhbF9hdXRoX2xhc3RfbG9naW5fYmFja2VuZHEDWA0AAABnb29nbGUtb2F1dGgycQRVEl9hdXRoX3VzZXJfYmFja2VuZHEFVSNzb2NpYWwuYmFja2VuZHMuZ29vZ2xlLkdvb2dsZU9BdXRoMnEGVQRuZXh0WAEAAAAvVQ9fYXV0aF91c2VyX2hhc2hxB1UoN2ZlNWNiOWNjMWZmMzQxNTQ3Y2E0NWE5NDRlNzAwNjlhMTdkZjUwZnUu"
    },
    "model": "sessions.session",
    "pk": "uqbhvbb13u084awk26t14gqojt6itujt"
},
{
    "fields": {
        "picture": 2,
        "_url": "2_400.JPG",
        "size": 400
    },
    "model": "trip_journal_app.stored_picture",
    "pk": 6
},
{
    "fields": {
        "picture": 2,
        "_url": "2_700.JPG",
        "size": 700
    },
    "model": "trip_journal_app.stored_picture",
    "pk": 7
},
{
    "fields": {
        "picture": 2,
        "_url": "2_900.JPG",
        "size": 900
    },
    "model": "trip_journal_app.stored_picture",
    "pk": 8
},
{
    "fields": {
        "picture": 2,
        "_url": "2_1500.JPG",
        "size": 1500
    },
    "model": "trip_journal_app.stored_picture",
    "pk": 9
},
{
    "fields": {
        "picture": 2,
        "_url": "2_3072.JPG",
        "size": 3072
    },
    "model": "trip_journal_app.stored_picture",
    "pk": 10
},
{
    "fields": {
        "picture": 3,
        "_url": "3_400.JPG",
        "size": 400
    },
    "model": "trip_journal_app.stored_picture",
    "pk": 11
},
{
    "fields": {
        "picture": 3,
        "_url": "3_700.JPG",
        "size": 700
    },
    "model": "trip_journal_app.stored_picture",
    "pk": 12
},
{
    "fields": {
        "picture": 3,
        "_url": "3_900.JPG",
        "size": 900
    },
    "model": "trip_journal_app.stored_picture",
    "pk": 13
},
{
    "fields": {
        "picture": 3,
        "_url": "3_1500.JPG",
        "size": 1500
    },
    "model": "trip_journal_app.stored_picture",
    "pk": 14
},
{
    "fields": {
        "picture": 3,
        "_url": "3_3072.JPG",
        "size": 3072
    },
    "model": "trip_journal_app.stored_picture",
    "pk": 15
},
{
    "fields": {
        "picture": 4,
        "_url": "4_400.JPG",
        "size": 400
    },
    "model": "trip_journal_app.stored_picture",
    "pk": 16
},
{
    "fields": {
        "picture": 4,
        "_url": "4_700.JPG",
        "size": 700
    },
    "model": "trip_journal_app.stored_picture",
    "pk": 17
},
{
    "fields": {
        "picture": 4,
        "_url": "4_900.JPG",
        "size": 900
    },
    "model": "trip_journal_app.stored_picture",
    "pk": 18
},
{
    "fields": {
        "picture": 4,
        "_url": "4_1500.JPG",
        "size": 1500
    },
    "model": "trip_journal_app.stored_picture",
    "pk": 19
},
{
    "fields": {
        "picture": 4,
        "_url": "4_3072.JPG",
        "size": 3072
    },
    "model": "trip_journal_app.stored_picture",
    "pk": 20
},
{
    "fields": {
        "picture": 5,
        "_url": "5_400.JPG",
        "size": 400
    },
    "model": "trip_journal_app.stored_picture",
    "pk": 21
},
{
    "fields": {
        "picture": 5,
        "_url": "5_700.JPG",
        "size": 700
    },
    "model": "trip_journal_app.stored_picture",
    "pk": 22
},
{
    "fields": {
        "picture": 5,
        "_url": "5_900.JPG",
        "size": 900
    },
    "model": "trip_journal_app.stored_picture",
    "pk": 23
},
{
    "fields": {
        "picture": 5,
        "_url": "5_1500.JPG",
        "size": 1500
    },
    "model": "trip_journal_app.stored_picture",
    "pk": 24
},
{
    "fields": {
        "picture": 5,
        "_url": "5_3072.JPG",
        "size": 3072
    },
    "model": "trip_journal_app.stored_picture",
    "pk": 25
},
{
    "fields": {
        "picture": 6,
        "_url": "6_400.JPG",
        "size": 400
    },
    "model": "trip_journal_app.stored_picture",
    "pk": 26
},
{
    "fields": {
        "picture": 6,
        "_url": "6_700.JPG",
        "size": 700
    },
    "model": "trip_journal_app.stored_picture",
    "pk": 27
},
{
    "fields": {
        "picture": 6,
        "_url": "6_900.JPG",
        "size": 900
    },
    "model": "trip_journal_app.stored_picture",
    "pk": 28
},
{
    "fields": {
        "picture": 6,
        "_url": "6_1500.JPG",
        "size": 1500
    },
    "model": "trip_journal_app.stored_picture",
    "pk": 29
},
{
    "fields": {
        "picture": 6,
        "_url": "6_3072.JPG",
        "size": 3072
    },
    "model": "trip_journal_app.stored_picture",
    "pk": 30
},
{
    "fields": {
        "picture": 7,
        "_url": "7_400.JPG",
        "size": 400
    },
    "model": "trip_journal_app.stored_picture",
    "pk": 31
},
{
    "fields": {
        "picture": 7,
        "_url": "7_700.JPG",
        "size": 700
    },
    "model": "trip_journal_app.stored_picture",
    "pk": 32
},
{
    "fields": {
        "picture": 7,
        "_url": "7_900.JPG",
        "size": 900
    },
    "model": "trip_journal_app.stored_picture",
    "pk": 33
},
{
    "fields": {
        "picture": 7,
        "_url": "7_1500.JPG",
        "size": 1500
    },
    "model": "trip_journal_app.stored_picture",
    "pk": 34
},
{
    "fields": {
        "picture": 7,
        "_url": "7_3072.JPG",
        "size": 3072
    },
    "model": "trip_journal_app.stored_picture",
    "pk": 35
},
{
    "fields": {
        "picture": 8,
        "_url": "8_400.JPG",
        "size": 400
    },
    "model": "trip_journal_app.stored_picture",
    "pk": 36
},
{
    "fields": {
        "picture": 8,
        "_url": "8_700.JPG",
        "size": 700
    },
    "model": "trip_journal_app.stored_picture",
    "pk": 37
},
{
    "fields": {
        "picture": 8,
        "_url": "8_900.JPG",
        "size": 900
    },
    "model": "trip_journal_app.stored_picture",
    "pk": 38
},
{
    "fields": {
        "picture": 8,
        "_url": "8_1500.JPG",
        "size": 1500
    },
    "model": "trip_journal_app.stored_picture",
    "pk": 39
},
{
    "fields": {
        "picture": 8,
        "_url": "8_3072.JPG",
        "size": 3072
    },
    "model": "trip_journal_app.stored_picture",
    "pk": 40
},
{
    "fields": {
        "picture": 9,
        "_url": "9_400.JPG",
        "size": 400
    },
    "model": "trip_journal_app.stored_picture",
    "pk": 41
},
{
    "fields": {
        "picture": 9,
        "_url": "9_700.JPG",
        "size": 700
    },
    "model": "trip_journal_app.stored_picture",
    "pk": 42
},
{
    "fields": {
        "picture": 9,
        "_url": "9_900.JPG",
        "size": 900
    },
    "model": "trip_journal_app.stored_picture",
    "pk": 43
},
{
    "fields": {
        "picture": 9,
        "_url": "9_1500.JPG",
        "size": 1500
    },
    "model": "trip_journal_app.stored_picture",
    "pk": 44
},
{
    "fields": {
        "picture": 9,
        "_url": "9_3072.JPG",
        "size": 3072
    },
    "model": "trip_journal_app.stored_picture",
    "pk": 45
},
{
    "fields": {
        "picture": 10,
        "_url": "10_400.JPG",
        "size": 400
    },
    "model": "trip_journal_app.stored_picture",
    "pk": 46
},
{
    "fields": {
        "picture": 10,
        "_url": "10_700.JPG",
        "size": 700
    },
    "model": "trip_journal_app.stored_picture",
    "pk": 47
},
{
    "fields": {
        "picture": 10,
        "_url": "10_900.JPG",
        "size": 900
    },
    "model": "trip_journal_app.stored_picture",
    "pk": 48
},
{
    "fields": {
        "picture": 10,
        "_url": "10_1500.JPG",
        "size": 1500
    },
    "model": "trip_journal_app.stored_picture",
    "pk": 49
},
{
    "fields": {
        "picture": 10,
        "_url": "10_3072.JPG",
        "size": 3072
    },
    "model": "trip_journal_app.stored_picture",
    "pk": 50
},
{
    "fields": {
        "picture": 11,
        "_url": "11_400.JPG",
        "size": 400
    },
    "model": "trip_journal_app.stored_picture",
    "pk": 51
},
{
    "fields": {
        "picture": 11,
        "_url": "11_700.JPG",
        "size": 700
    },
    "model": "trip_journal_app.stored_picture",
    "pk": 52
},
{
    "fields": {
        "picture": 11,
        "_url": "11_900.JPG",
        "size": 900
    },
    "model": "trip_journal_app.stored_picture",
    "pk": 53
},
{
    "fields": {
        "picture": 11,
        "_url": "11_1500.JPG",
        "size": 1500
    },
    "model": "trip_journal_app.stored_picture",
    "pk": 54
},
{
    "fields": {
        "picture": 11,
        "_url": "11_3072.JPG",
        "size": 3072
    },
    "model": "trip_journal_app.stored_picture",
    "pk": 55
},
{
    "fields": {
        "picture": 12,
        "_url": "12_400.JPG",
        "size": 400
    },
    "model": "trip_journal_app.stored_picture",
    "pk": 56
},
{
    "fields": {
        "picture": 12,
        "_url": "12_700.JPG",
        "size": 700
    },
    "model": "trip_journal_app.stored_picture",
    "pk": 57
},
{
    "fields": {
        "picture": 12,
        "_url": "12_900.JPG",
        "size": 900
    },
    "model": "trip_journal_app.stored_picture",
    "pk": 58
},
{
    "fields": {
        "picture": 12,
        "_url": "12_1500.JPG",
        "size": 1500
    },
    "model": "trip_journal_app.stored_picture",
    "pk": 59
},
{
    "fields": {
        "picture": 12,
        "_url": "12_3072.JPG",
        "size": 3072
    },
    "model": "trip_journal_app.stored_picture",
    "pk": 60
},
{
    "fields": {
        "picture": 13,
        "_url": "13_400.JPG",
        "size": 400
    },
    "model": "trip_journal_app.stored_picture",
    "pk": 61
},
{
    "fields": {
        "picture": 13,
        "_url": "13_700.JPG",
        "size": 700
    },
    "model": "trip_journal_app.stored_picture",
    "pk": 62
},
{
    "fields": {
        "picture": 13,
        "_url": "13_900.JPG",
        "size": 900
    },
    "model": "trip_journal_app.stored_picture",
    "pk": 63
},
{
    "fields": {
        "picture": 13,
        "_url": "13_1500.JPG",
        "size": 1500
    },
    "model": "trip_journal_app.stored_picture",
    "pk": 64
},
{
    "fields": {
        "picture": 13,
        "_url": "13_2048.JPG",
        "size": 2048
    },
    "model": "trip_journal_app.stored_picture",
    "pk": 65
},
{
    "fields": {
        "picture": 14,
        "_url": "14_400.JPG",
        "size": 400
    },
    "model": "trip_journal_app.stored_picture",
    "pk": 66
},
{
    "fields": {
        "picture": 14,
        "_url": "14_700.JPG",
        "size": 700
    },
    "model": "trip_journal_app.stored_picture",
    "pk": 67
},
{
    "fields": {
        "picture": 14,
        "_url": "14_900.JPG",
        "size": 900
    },
    "model": "trip_journal_app.stored_picture",
    "pk": 68
},
{
    "fields": {
        "picture": 14,
        "_url": "14_1500.JPG",
        "size": 1500
    },
    "model": "trip_journal_app.stored_picture",
    "pk": 69
},
{
    "fields": {
        "picture": 14,
        "_url": "14_2048.JPG",
        "size": 2048
    },
    "model": "trip_journal_app.stored_picture",
    "pk": 70
},
{
    "fields": {
        "picture": 15,
        "_url": "15_400.JPG",
        "size": 400
    },
    "model": "trip_journal_app.stored_picture",
    "pk": 71
},
{
    "fields": {
        "picture": 15,
        "_url": "15_700.JPG",
        "size": 700
    },
    "model": "trip_journal_app.stored_picture",
    "pk": 72
},
{
    "fields": {
        "picture": 15,
        "_url": "15_900.JPG",
        "size": 900
    },
    "model": "trip_journal_app.stored_picture",
    "pk": 73
},
{
    "fields": {
        "picture": 15,
        "_url": "15_1500.JPG",
        "size": 1500
    },
    "model": "trip_journal_app.stored_picture",
    "pk": 74
},
{
    "fields": {
        "picture": 15,
        "_url": "15_2048.JPG",
        "size": 2048
    },
    "model": "trip_journal_app.stored_picture",
    "pk": 75
},
{
    "fields": {
        "picture": 16,
        "_url": "16_400.JPG",
        "size": 400
    },
    "model": "trip_journal_app.stored_picture",
    "pk": 76
},
{
    "fields": {
        "picture": 16,
        "_url": "16_700.JPG",
        "size": 700
    },
    "model": "trip_journal_app.stored_picture",
    "pk": 77
},
{
    "fields": {
        "picture": 16,
        "_url": "16_900.JPG",
        "size": 900
    },
    "model": "trip_journal_app.stored_picture",
    "pk": 78
},
{
    "fields": {
        "picture": 16,
        "_url": "16_1500.JPG",
        "size": 1500
    },
    "model": "trip_journal_app.stored_picture",
    "pk": 79
},
{
    "fields": {
        "picture": 16,
        "_url": "16_2048.JPG",
        "size": 2048
    },
    "model": "trip_journal_app.stored_picture",
    "pk": 80
},
{
    "fields": {
        "picture": 17,
        "_url": "17_400.JPG",
        "size": 400
    },
    "model": "trip_journal_app.stored_picture",
    "pk": 81
},
{
    "fields": {
        "picture": 17,
        "_url": "17_700.JPG",
        "size": 700
    },
    "model": "trip_journal_app.stored_picture",
    "pk": 82
},
{
    "fields": {
        "picture": 17,
        "_url": "17_900.JPG",
        "size": 900
    },
    "model": "trip_journal_app.stored_picture",
    "pk": 83
},
{
    "fields": {
        "picture": 17,
        "_url": "17_1500.JPG",
        "size": 1500
    },
    "model": "trip_journal_app.stored_picture",
    "pk": 84
},
{
    "fields": {
        "picture": 17,
        "_url": "17_2048.JPG",
        "size": 2048
    },
    "model": "trip_journal_app.stored_picture",
    "pk": 85
},
{
    "fields": {
        "picture": 18,
        "_url": "18_400.JPG",
        "size": 400
    },
    "model": "trip_journal_app.stored_picture",
    "pk": 86
},
{
    "fields": {
        "picture": 18,
        "_url": "18_700.JPG",
        "size": 700
    },
    "model": "trip_journal_app.stored_picture",
    "pk": 87
},
{
    "fields": {
        "picture": 18,
        "_url": "18_900.JPG",
        "size": 900
    },
    "model": "trip_journal_app.stored_picture",
    "pk": 88
},
{
    "fields": {
        "picture": 18,
        "_url": "18_1500.JPG",
        "size": 1500
    },
    "model": "trip_journal_app.stored_picture",
    "pk": 89
},
{
    "fields": {
        "picture": 18,
        "_url": "18_2048.JPG",
        "size": 2048
    },
    "model": "trip_journal_app.stored_picture",
    "pk": 90
},
{
    "fields": {
        "picture": 19,
        "_url": "19_400.JPG",
        "size": 400
    },
    "model": "trip_journal_app.stored_picture",
    "pk": 91
},
{
    "fields": {
        "picture": 19,
        "_url": "19_700.JPG",
        "size": 700
    },
    "model": "trip_journal_app.stored_picture",
    "pk": 92
},
{
    "fields": {
        "picture": 19,
        "_url": "19_900.JPG",
        "size": 900
    },
    "model": "trip_journal_app.stored_picture",
    "pk": 93
},
{
    "fields": {
        "picture": 19,
        "_url": "19_1500.JPG",
        "size": 1500
    },
    "model": "trip_journal_app.stored_picture",
    "pk": 94
},
{
    "fields": {
        "picture": 19,
        "_url": "19_2048.JPG",
        "size": 2048
    },
    "model": "trip_journal_app.stored_picture",
    "pk": 95
},
{
    "fields": {
        "picture": 20,
        "_url": "20_400.JPG",
        "size": 400
    },
    "model": "trip_journal_app.stored_picture",
    "pk": 96
},
{
    "fields": {
        "picture": 20,
        "_url": "20_700.JPG",
        "size": 700
    },
    "model": "trip_journal_app.stored_picture",
    "pk": 97
},
{
    "fields": {
        "picture": 20,
        "_url": "20_900.JPG",
        "size": 900
    },
    "model": "trip_journal_app.stored_picture",
    "pk": 98
},
{
    "fields": {
        "picture": 20,
        "_url": "20_1500.JPG",
        "size": 1500
    },
    "model": "trip_journal_app.stored_picture",
    "pk": 99
},
{
    "fields": {
        "picture": 20,
        "_url": "20_2048.JPG",
        "size": 2048
    },
    "model": "trip_journal_app.stored_picture",
    "pk": 100
},
{
    "fields": {
        "picture": 21,
        "_url": "21_400.JPG",
        "size": 400
    },
    "model": "trip_journal_app.stored_picture",
    "pk": 101
},
{
    "fields": {
        "picture": 21,
        "_url": "21_700.JPG",
        "size": 700
    },
    "model": "trip_journal_app.stored_picture",
    "pk": 102
},
{
    "fields": {
        "picture": 21,
        "_url": "21_900.JPG",
        "size": 900
    },
    "model": "trip_journal_app.stored_picture",
    "pk": 103
},
{
    "fields": {
        "picture": 21,
        "_url": "21_1500.JPG",
        "size": 1500
    },
    "model": "trip_journal_app.stored_picture",
    "pk": 104
},
{
    "fields": {
        "picture": 21,
        "_url": "21_2048.JPG",
        "size": 2048
    },
    "model": "trip_journal_app.stored_picture",
    "pk": 105
},
{
    "fields": {
        "picture": 22,
        "_url": "22_400.JPG",
        "size": 400
    },
    "model": "trip_journal_app.stored_picture",
    "pk": 106
},
{
    "fields": {
        "picture": 22,
        "_url": "22_700.JPG",
        "size": 700
    },
    "model": "trip_journal_app.stored_picture",
    "pk": 107
},
{
    "fields": {
        "picture": 22,
        "_url": "22_900.JPG",
        "size": 900
    },
    "model": "trip_journal_app.stored_picture",
    "pk": 108
},
{
    "fields": {
        "picture": 22,
        "_url": "22_1500.JPG",
        "size": 1500
    },
    "model": "trip_journal_app.stored_picture",
    "pk": 109
},
{
    "fields": {
        "picture": 22,
        "_url": "22_2048.JPG",
        "size": 2048
    },
    "model": "trip_journal_app.stored_picture",
    "pk": 110
},
{
    "fields": {
        "picture": 23,
        "_url": "23_400.jpg",
        "size": 400
    },
    "model": "trip_journal_app.stored_picture",
    "pk": 111
},
{
    "fields": {
        "picture": 23,
        "_url": "23_700.jpg",
        "size": 700
    },
    "model": "trip_journal_app.stored_picture",
    "pk": 112
},
{
    "fields": {
        "picture": 23,
        "_url": "23_900.jpg",
        "size": 900
    },
    "model": "trip_journal_app.stored_picture",
    "pk": 113
},
{
    "fields": {
        "picture": 23,
        "_url": "23_1500.jpg",
        "size": 1500
    },
    "model": "trip_journal_app.stored_picture",
    "pk": 114
},
{
    "fields": {
        "picture": 23,
        "_url": "23_2592.jpg",
        "size": 2592
    },
    "model": "trip_journal_app.stored_picture",
    "pk": 115
},
{
    "fields": {
        "picture": 24,
        "_url": "24_400.jpg",
        "size": 400
    },
    "model": "trip_journal_app.stored_picture",
    "pk": 116
},
{
    "fields": {
        "picture": 24,
        "_url": "24_700.jpg",
        "size": 700
    },
    "model": "trip_journal_app.stored_picture",
    "pk": 117
},
{
    "fields": {
        "picture": 24,
        "_url": "24_900.jpg",
        "size": 900
    },
    "model": "trip_journal_app.stored_picture",
    "pk": 118
},
{
    "fields": {
        "picture": 24,
        "_url": "24_1500.jpg",
        "size": 1500
    },
    "model": "trip_journal_app.stored_picture",
    "pk": 119
},
{
    "fields": {
        "picture": 24,
        "_url": "24_2592.jpg",
        "size": 2592
    },
    "model": "trip_journal_app.stored_picture",
    "pk": 120
},
{
    "fields": {
        "picture": 25,
        "_url": "25_400.jpg",
        "size": 400
    },
    "model": "trip_journal_app.stored_picture",
    "pk": 121
},
{
    "fields": {
        "picture": 25,
        "_url": "25_700.jpg",
        "size": 700
    },
    "model": "trip_journal_app.stored_picture",
    "pk": 122
},
{
    "fields": {
        "picture": 25,
        "_url": "25_900.jpg",
        "size": 900
    },
    "model": "trip_journal_app.stored_picture",
    "pk": 123
},
{
    "fields": {
        "picture": 25,
        "_url": "25_1500.jpg",
        "size": 1500
    },
    "model": "trip_journal_app.stored_picture",
    "pk": 124
},
{
    "fields": {
        "picture": 25,
        "_url": "25_2592.jpg",
        "size": 2592
    },
    "model": "trip_journal_app.stored_picture",
    "pk": 125
},
{
    "fields": {
        "picture": 26,
        "_url": "26_400.JPG",
        "size": 400
    },
    "model": "trip_journal_app.stored_picture",
    "pk": 126
},
{
    "fields": {
        "picture": 26,
        "_url": "26_700.JPG",
        "size": 700
    },
    "model": "trip_journal_app.stored_picture",
    "pk": 127
},
{
    "fields": {
        "picture": 26,
        "_url": "26_900.JPG",
        "size": 900
    },
    "model": "trip_journal_app.stored_picture",
    "pk": 128
},
{
    "fields": {
        "picture": 26,
        "_url": "26_1500.JPG",
        "size": 1500
    },
    "model": "trip_journal_app.stored_picture",
    "pk": 129
},
{
    "fields": {
        "picture": 26,
        "_url": "26_2592.JPG",
        "size": 2592
    },
    "model": "trip_journal_app.stored_picture",
    "pk": 130
},
{
    "fields": {
        "picture": 27,
        "_url": "27_400.JPG",
        "size": 400
    },
    "model": "trip_journal_app.stored_picture",
    "pk": 131
},
{
    "fields": {
        "picture": 27,
        "_url": "27_700.JPG",
        "size": 700
    },
    "model": "trip_journal_app.stored_picture",
    "pk": 132
},
{
    "fields": {
        "picture": 27,
        "_url": "27_900.JPG",
        "size": 900
    },
    "model": "trip_journal_app.stored_picture",
    "pk": 133
},
{
    "fields": {
        "picture": 27,
        "_url": "27_1500.JPG",
        "size": 1500
    },
    "model": "trip_journal_app.stored_picture",
    "pk": 134
},
{
    "fields": {
        "picture": 27,
        "_url": "27_2592.JPG",
        "size": 2592
    },
    "model": "trip_journal_app.stored_picture",
    "pk": 135
},
{
    "fields": {
        "picture": 28,
        "_url": "28_400.JPG",
        "size": 400
    },
    "model": "trip_journal_app.stored_picture",
    "pk": 136
},
{
    "fields": {
        "picture": 28,
        "_url": "28_700.JPG",
        "size": 700
    },
    "model": "trip_journal_app.stored_picture",
    "pk": 137
},
{
    "fields": {
        "picture": 28,
        "_url": "28_900.JPG",
        "size": 900
    },
    "model": "trip_journal_app.stored_picture",
    "pk": 138
},
{
    "fields": {
        "picture": 28,
        "_url": "28_1500.JPG",
        "size": 1500
    },
    "model": "trip_journal_app.stored_picture",
    "pk": 139
},
{
    "fields": {
        "picture": 28,
        "_url": "28_2592.JPG",
        "size": 2592
    },
    "model": "trip_journal_app.stored_picture",
    "pk": 140
},
{
    "fields": {
        "picture": 29,
        "_url": "29_400.JPG",
        "size": 400
    },
    "model": "trip_journal_app.stored_picture",
    "pk": 141
},
{
    "fields": {
        "picture": 29,
        "_url": "29_700.JPG",
        "size": 700
    },
    "model": "trip_journal_app.stored_picture",
    "pk": 142
},
{
    "fields": {
        "picture": 29,
        "_url": "29_900.JPG",
        "size": 900
    },
    "model": "trip_journal_app.stored_picture",
    "pk": 143
},
{
    "fields": {
        "picture": 29,
        "_url": "29_1500.JPG",
        "size": 1500
    },
    "model": "trip_journal_app.stored_picture",
    "pk": 144
},
{
    "fields": {
        "picture": 29,
        "_url": "29_2592.JPG",
        "size": 2592
    },
    "model": "trip_journal_app.stored_picture",
    "pk": 145
},
{
    "fields": {
        "picture": 30,
        "_url": "30_400.JPG",
        "size": 400
    },
    "model": "trip_journal_app.stored_picture",
    "pk": 146
},
{
    "fields": {
        "picture": 30,
        "_url": "30_700.JPG",
        "size": 700
    },
    "model": "trip_journal_app.stored_picture",
    "pk": 147
},
{
    "fields": {
        "picture": 30,
        "_url": "30_900.JPG",
        "size": 900
    },
    "model": "trip_journal_app.stored_picture",
    "pk": 148
},
{
    "fields": {
        "picture": 30,
        "_url": "30_1500.JPG",
        "size": 1500
    },
    "model": "trip_journal_app.stored_picture",
    "pk": 149
},
{
    "fields": {
        "picture": 30,
        "_url": "30_2592.JPG",
        "size": 2592
    },
    "model": "trip_journal_app.stored_picture",
    "pk": 150
},
{
    "fields": {
        "picture": 31,
        "_url": "31_400.jpg",
        "size": 400
    },
    "model": "trip_journal_app.stored_picture",
    "pk": 151
},
{
    "fields": {
        "picture": 31,
        "_url": "31_700.jpg",
        "size": 700
    },
    "model": "trip_journal_app.stored_picture",
    "pk": 152
},
{
    "fields": {
        "picture": 31,
        "_url": "31_900.jpg",
        "size": 900
    },
    "model": "trip_journal_app.stored_picture",
    "pk": 153
},
{
    "fields": {
        "picture": 31,
        "_url": "31_1500.jpg",
        "size": 1500
    },
    "model": "trip_journal_app.stored_picture",
    "pk": 154
},
{
    "fields": {
        "picture": 31,
        "_url": "31_2592.jpg",
        "size": 2592
    },
    "model": "trip_journal_app.stored_picture",
    "pk": 155
},
{
    "fields": {
        "picture": 32,
        "_url": "32_400.jpg",
        "size": 400
    },
    "model": "trip_journal_app.stored_picture",
    "pk": 156
},
{
    "fields": {
        "picture": 32,
        "_url": "32_700.jpg",
        "size": 700
    },
    "model": "trip_journal_app.stored_picture",
    "pk": 157
},
{
    "fields": {
        "picture": 32,
        "_url": "32_900.jpg",
        "size": 900
    },
    "model": "trip_journal_app.stored_picture",
    "pk": 158
},
{
    "fields": {
        "picture": 32,
        "_url": "32_1500.jpg",
        "size": 1500
    },
    "model": "trip_journal_app.stored_picture",
    "pk": 159
},
{
    "fields": {
        "picture": 32,
        "_url": "32_2592.jpg",
        "size": 2592
    },
    "model": "trip_journal_app.stored_picture",
    "pk": 160
},
{
    "fields": {
        "picture": 33,
        "_url": "33_400.jpg",
        "size": 400
    },
    "model": "trip_journal_app.stored_picture",
    "pk": 161
},
{
    "fields": {
        "picture": 33,
        "_url": "33_700.jpg",
        "size": 700
    },
    "model": "trip_journal_app.stored_picture",
    "pk": 162
},
{
    "fields": {
        "picture": 33,
        "_url": "33_900.jpg",
        "size": 900
    },
    "model": "trip_journal_app.stored_picture",
    "pk": 163
},
{
    "fields": {
        "picture": 33,
        "_url": "33_1500.jpg",
        "size": 1500
    },
    "model": "trip_journal_app.stored_picture",
    "pk": 164
},
{
    "fields": {
        "picture": 33,
        "_url": "33_2592.jpg",
        "size": 2592
    },
    "model": "trip_journal_app.stored_picture",
    "pk": 165
},
{
    "fields": {
        "picture": 39,
        "_url": "39_400.jpg",
        "size": 400
    },
    "model": "trip_journal_app.stored_picture",
    "pk": 171
},
{
    "fields": {
        "picture": 39,
        "_url": "39_700.jpg",
        "size": 700
    },
    "model": "trip_journal_app.stored_picture",
    "pk": 172
},
{
    "fields": {
        "picture": 39,
        "_url": "39_900.jpg",
        "size": 900
    },
    "model": "trip_journal_app.stored_picture",
    "pk": 173
},
{
    "fields": {
        "picture": 39,
        "_url": "39_1500.jpg",
        "size": 1500
    },
    "model": "trip_journal_app.stored_picture",
    "pk": 174
},
{
    "fields": {
        "picture": 39,
        "_url": "39_2592.jpg",
        "size": 2592
    },
    "model": "trip_journal_app.stored_picture",
    "pk": 175
},
{
    "fields": {
        "picture": 41,
        "_url": "41_400.jpg",
        "size": 400
    },
    "model": "trip_journal_app.stored_picture",
    "pk": 181
},
{
    "fields": {
        "picture": 41,
        "_url": "41_700.jpg",
        "size": 700
    },
    "model": "trip_journal_app.stored_picture",
    "pk": 182
},
{
    "fields": {
        "picture": 41,
        "_url": "41_900.jpg",
        "size": 900
    },
    "model": "trip_journal_app.stored_picture",
    "pk": 183
},
{
    "fields": {
        "picture": 41,
        "_url": "41_1500.jpg",
        "size": 1500
    },
    "model": "trip_journal_app.stored_picture",
    "pk": 184
},
{
    "fields": {
        "picture": 41,
        "_url": "41_2592.jpg",
        "size": 2592
    },
    "model": "trip_journal_app.stored_picture",
    "pk": 185
},
{
    "fields": {
        "picture": 42,
        "_url": "42_400.JPG",
        "size": 400
    },
    "model": "trip_journal_app.stored_picture",
    "pk": 186
},
{
    "fields": {
        "picture": 42,
        "_url": "42_700.JPG",
        "size": 700
    },
    "model": "trip_journal_app.stored_picture",
    "pk": 187
},
{
    "fields": {
        "picture": 42,
        "_url": "42_900.JPG",
        "size": 900
    },
    "model": "trip_journal_app.stored_picture",
    "pk": 188
},
{
    "fields": {
        "picture": 42,
        "_url": "42_1500.JPG",
        "size": 1500
    },
    "model": "trip_journal_app.stored_picture",
    "pk": 189
},
{
    "fields": {
        "picture": 42,
        "_url": "42_2048.JPG",
        "size": 2048
    },
    "model": "trip_journal_app.stored_picture",
    "pk": 190
},
{
    "fields": {
        "picture": 43,
        "_url": "43_400.JPG",
        "size": 400
    },
    "model": "trip_journal_app.stored_picture",
    "pk": 191
},
{
    "fields": {
        "picture": 43,
        "_url": "43_700.JPG",
        "size": 700
    },
    "model": "trip_journal_app.stored_picture",
    "pk": 192
},
{
    "fields": {
        "picture": 43,
        "_url": "43_900.JPG",
        "size": 900
    },
    "model": "trip_journal_app.stored_picture",
    "pk": 193
},
{
    "fields": {
        "picture": 43,
        "_url": "43_1500.JPG",
        "size": 1500
    },
    "model": "trip_journal_app.stored_picture",
    "pk": 194
},
{
    "fields": {
        "picture": 43,
        "_url": "43_2048.JPG",
        "size": 2048
    },
    "model": "trip_journal_app.stored_picture",
    "pk": 195
},
{
    "fields": {
        "picture": 44,
        "_url": "44_400.JPG",
        "size": 400
    },
    "model": "trip_journal_app.stored_picture",
    "pk": 196
},
{
    "fields": {
        "picture": 44,
        "_url": "44_700.JPG",
        "size": 700
    },
    "model": "trip_journal_app.stored_picture",
    "pk": 197
},
{
    "fields": {
        "picture": 44,
        "_url": "44_900.JPG",
        "size": 900
    },
    "model": "trip_journal_app.stored_picture",
    "pk": 198
},
{
    "fields": {
        "picture": 44,
        "_url": "44_1500.JPG",
        "size": 1500
    },
    "model": "trip_journal_app.stored_picture",
    "pk": 199
},
{
    "fields": {
        "picture": 44,
        "_url": "44_2048.JPG",
        "size": 2048
    },
    "model": "trip_journal_app.stored_picture",
    "pk": 200
},
{
    "fields": {
        "picture": 45,
        "_url": "45_400.JPG",
        "size": 400
    },
    "model": "trip_journal_app.stored_picture",
    "pk": 201
},
{
    "fields": {
        "picture": 45,
        "_url": "45_700.JPG",
        "size": 700
    },
    "model": "trip_journal_app.stored_picture",
    "pk": 202
},
{
    "fields": {
        "picture": 45,
        "_url": "45_900.JPG",
        "size": 900
    },
    "model": "trip_journal_app.stored_picture",
    "pk": 203
},
{
    "fields": {
        "picture": 45,
        "_url": "45_1500.JPG",
        "size": 1500
    },
    "model": "trip_journal_app.stored_picture",
    "pk": 204
},
{
    "fields": {
        "picture": 45,
        "_url": "45_2048.JPG",
        "size": 2048
    },
    "model": "trip_journal_app.stored_picture",
    "pk": 205
},
{
    "fields": {
        "picture": 46,
        "_url": "46_400.JPG",
        "size": 400
    },
    "model": "trip_journal_app.stored_picture",
    "pk": 206
},
{
    "fields": {
        "picture": 46,
        "_url": "46_700.JPG",
        "size": 700
    },
    "model": "trip_journal_app.stored_picture",
    "pk": 207
},
{
    "fields": {
        "picture": 46,
        "_url": "46_900.JPG",
        "size": 900
    },
    "model": "trip_journal_app.stored_picture",
    "pk": 208
},
{
    "fields": {
        "picture": 46,
        "_url": "46_1500.JPG",
        "size": 1500
    },
    "model": "trip_journal_app.stored_picture",
    "pk": 209
},
{
    "fields": {
        "picture": 46,
        "_url": "46_2048.JPG",
        "size": 2048
    },
    "model": "trip_journal_app.stored_picture",
    "pk": 210
},
{
    "fields": {
        "picture": 47,
        "_url": "47_400.JPG",
        "size": 400
    },
    "model": "trip_journal_app.stored_picture",
    "pk": 211
},
{
    "fields": {
        "picture": 48,
        "_url": "48_400.JPG",
        "size": 400
    },
    "model": "trip_journal_app.stored_picture",
    "pk": 212
},
{
    "fields": {
        "picture": 47,
        "_url": "47_700.JPG",
        "size": 700
    },
    "model": "trip_journal_app.stored_picture",
    "pk": 213
},
{
    "fields": {
        "picture": 48,
        "_url": "48_700.JPG",
        "size": 700
    },
    "model": "trip_journal_app.stored_picture",
    "pk": 214
},
{
    "fields": {
        "picture": 47,
        "_url": "47_900.JPG",
        "size": 900
    },
    "model": "trip_journal_app.stored_picture",
    "pk": 215
},
{
    "fields": {
        "picture": 48,
        "_url": "48_900.JPG",
        "size": 900
    },
    "model": "trip_journal_app.stored_picture",
    "pk": 216
},
{
    "fields": {
        "picture": 47,
        "_url": "47_1500.JPG",
        "size": 1500
    },
    "model": "trip_journal_app.stored_picture",
    "pk": 217
},
{
    "fields": {
        "picture": 48,
        "_url": "48_1500.JPG",
        "size": 1500
    },
    "model": "trip_journal_app.stored_picture",
    "pk": 218
},
{
    "fields": {
        "picture": 47,
        "_url": "47_2048.JPG",
        "size": 2048
    },
    "model": "trip_journal_app.stored_picture",
    "pk": 219
},
{
    "fields": {
        "picture": 48,
        "_url": "48_2048.JPG",
        "size": 2048
    },
    "model": "trip_journal_app.stored_picture",
    "pk": 220
},
{
    "fields": {
        "picture": 49,
        "_url": "49_400.JPG",
        "size": 400
    },
    "model": "trip_journal_app.stored_picture",
    "pk": 221
},
{
    "fields": {
        "picture": 49,
        "_url": "49_700.JPG",
        "size": 700
    },
    "model": "trip_journal_app.stored_picture",
    "pk": 222
},
{
    "fields": {
        "picture": 49,
        "_url": "49_900.JPG",
        "size": 900
    },
    "model": "trip_journal_app.stored_picture",
    "pk": 223
},
{
    "fields": {
        "picture": 49,
        "_url": "49_1500.JPG",
        "size": 1500
    },
    "model": "trip_journal_app.stored_picture",
    "pk": 224
},
{
    "fields": {
        "picture": 49,
        "_url": "49_2048.JPG",
        "size": 2048
    },
    "model": "trip_journal_app.stored_picture",
    "pk": 225
},
{
    "fields": {
        "picture": 50,
        "_url": "50_400.JPG",
        "size": 400
    },
    "model": "trip_journal_app.stored_picture",
    "pk": 226
},
{
    "fields": {
        "picture": 50,
        "_url": "50_700.JPG",
        "size": 700
    },
    "model": "trip_journal_app.stored_picture",
    "pk": 227
},
{
    "fields": {
        "picture": 50,
        "_url": "50_900.JPG",
        "size": 900
    },
    "model": "trip_journal_app.stored_picture",
    "pk": 228
},
{
    "fields": {
        "picture": 50,
        "_url": "50_1500.JPG",
        "size": 1500
    },
    "model": "trip_journal_app.stored_picture",
    "pk": 229
},
{
    "fields": {
        "picture": 50,
        "_url": "50_2048.JPG",
        "size": 2048
    },
    "model": "trip_journal_app.stored_picture",
    "pk": 230
},
{
    "fields": {
        "picture": 53,
        "_url": "53_400.JPG",
        "size": 400
    },
    "model": "trip_journal_app.stored_picture",
    "pk": 231
},
{
    "fields": {
        "picture": 51,
        "_url": "51_400.JPG",
        "size": 400
    },
    "model": "trip_journal_app.stored_picture",
    "pk": 232
},
{
    "fields": {
        "picture": 51,
        "_url": "51_700.JPG",
        "size": 700
    },
    "model": "trip_journal_app.stored_picture",
    "pk": 233
},
{
    "fields": {
        "picture": 53,
        "_url": "53_700.JPG",
        "size": 700
    },
    "model": "trip_journal_app.stored_picture",
    "pk": 234
},
{
    "fields": {
        "picture": 51,
        "_url": "51_900.JPG",
        "size": 900
    },
    "model": "trip_journal_app.stored_picture",
    "pk": 235
},
{
    "fields": {
        "picture": 52,
        "_url": "52_400.JPG",
        "size": 400
    },
    "model": "trip_journal_app.stored_picture",
    "pk": 236
},
{
    "fields": {
        "picture": 53,
        "_url": "53_900.JPG",
        "size": 900
    },
    "model": "trip_journal_app.stored_picture",
    "pk": 237
},
{
    "fields": {
        "picture": 52,
        "_url": "52_700.JPG",
        "size": 700
    },
    "model": "trip_journal_app.stored_picture",
    "pk": 238
},
{
    "fields": {
        "picture": 51,
        "_url": "51_1500.JPG",
        "size": 1500
    },
    "model": "trip_journal_app.stored_picture",
    "pk": 239
},
{
    "fields": {
        "picture": 53,
        "_url": "53_1500.JPG",
        "size": 1500
    },
    "model": "trip_journal_app.stored_picture",
    "pk": 240
},
{
    "fields": {
        "picture": 52,
        "_url": "52_900.JPG",
        "size": 900
    },
    "model": "trip_journal_app.stored_picture",
    "pk": 241
},
{
    "fields": {
        "picture": 51,
        "_url": "51_2048.JPG",
        "size": 2048
    },
    "model": "trip_journal_app.stored_picture",
    "pk": 242
},
{
    "fields": {
        "picture": 53,
        "_url": "53_2048.JPG",
        "size": 2048
    },
    "model": "trip_journal_app.stored_picture",
    "pk": 243
},
{
    "fields": {
        "picture": 52,
        "_url": "52_1500.JPG",
        "size": 1500
    },
    "model": "trip_journal_app.stored_picture",
    "pk": 244
},
{
    "fields": {
        "picture": 52,
        "_url": "52_2048.JPG",
        "size": 2048
    },
    "model": "trip_journal_app.stored_picture",
    "pk": 245
},
{
    "fields": {
        "picture": 55,
        "_url": "55_400.JPG",
        "size": 400
    },
    "model": "trip_journal_app.stored_picture",
    "pk": 246
},
{
    "fields": {
        "picture": 55,
        "_url": "55_700.JPG",
        "size": 700
    },
    "model": "trip_journal_app.stored_picture",
    "pk": 247
},
{
    "fields": {
        "picture": 54,
        "_url": "54_400.JPG",
        "size": 400
    },
    "model": "trip_journal_app.stored_picture",
    "pk": 248
},
{
    "fields": {
        "picture": 55,
        "_url": "55_900.JPG",
        "size": 900
    },
    "model": "trip_journal_app.stored_picture",
    "pk": 249
},
{
    "fields": {
        "picture": 54,
        "_url": "54_700.JPG",
        "size": 700
    },
    "model": "trip_journal_app.stored_picture",
    "pk": 250
},
{
    "fields": {
        "picture": 55,
        "_url": "55_1500.JPG",
        "size": 1500
    },
    "model": "trip_journal_app.stored_picture",
    "pk": 251
},
{
    "fields": {
        "picture": 54,
        "_url": "54_900.JPG",
        "size": 900
    },
    "model": "trip_journal_app.stored_picture",
    "pk": 252
},
{
    "fields": {
        "picture": 55,
        "_url": "55_2048.JPG",
        "size": 2048
    },
    "model": "trip_journal_app.stored_picture",
    "pk": 253
},
{
    "fields": {
        "picture": 54,
        "_url": "54_1500.JPG",
        "size": 1500
    },
    "model": "trip_journal_app.stored_picture",
    "pk": 254
},
{
    "fields": {
        "picture": 54,
        "_url": "54_2048.JPG",
        "size": 2048
    },
    "model": "trip_journal_app.stored_picture",
    "pk": 255
},
{
    "fields": {
        "picture": 56,
        "_url": "56_400.jpg",
        "size": 400
    },
    "model": "trip_journal_app.stored_picture",
    "pk": 256
},
{
    "fields": {
        "picture": 56,
        "_url": "56_700.jpg",
        "size": 700
    },
    "model": "trip_journal_app.stored_picture",
    "pk": 257
},
{
    "fields": {
        "picture": 56,
        "_url": "56_741.jpg",
        "size": 741
    },
    "model": "trip_journal_app.stored_picture",
    "pk": 258
},
{
    "fields": {
        "picture": 57,
        "_url": "57_400.jpg",
        "size": 400
    },
    "model": "trip_journal_app.stored_picture",
    "pk": 259
},
{
    "fields": {
        "picture": 57,
        "_url": "57_700.jpg",
        "size": 700
    },
    "model": "trip_journal_app.stored_picture",
    "pk": 260
},
{
    "fields": {
        "picture": 57,
        "_url": "57_741.jpg",
        "size": 741
    },
    "model": "trip_journal_app.stored_picture",
    "pk": 261
},
{
    "fields": {
        "picture": 58,
        "_url": "58_400.jpg",
        "size": 400
    },
    "model": "trip_journal_app.stored_picture",
    "pk": 262
},
{
    "fields": {
        "picture": 58,
        "_url": "58_700.jpg",
        "size": 700
    },
    "model": "trip_journal_app.stored_picture",
    "pk": 263
},
{
    "fields": {
        "picture": 58,
        "_url": "58_741.jpg",
        "size": 741
    },
    "model": "trip_journal_app.stored_picture",
    "pk": 264
},
{
    "fields": {
        "picture": 59,
        "_url": "59_400.jpg",
        "size": 400
    },
    "model": "trip_journal_app.stored_picture",
    "pk": 265
},
{
    "fields": {
        "picture": 59,
        "_url": "59_700.jpg",
        "size": 700
    },
    "model": "trip_journal_app.stored_picture",
    "pk": 266
},
{
    "fields": {
        "picture": 59,
        "_url": "59_741.jpg",
        "size": 741
    },
    "model": "trip_journal_app.stored_picture",
    "pk": 267
},
{
    "fields": {
        "picture": 60,
        "_url": "60_400.jpg",
        "size": 400
    },
    "model": "trip_journal_app.stored_picture",
    "pk": 268
},
{
    "fields": {
        "picture": 60,
        "_url": "60_700.jpg",
        "size": 700
    },
    "model": "trip_journal_app.stored_picture",
    "pk": 269
},
{
    "fields": {
        "picture": 60,
        "_url": "60_741.jpg",
        "size": 741
    },
    "model": "trip_journal_app.stored_picture",
    "pk": 270
},
{
    "fields": {
        "picture": 61,
        "_url": "61_400.jpg",
        "size": 400
    },
    "model": "trip_journal_app.stored_picture",
    "pk": 271
},
{
    "fields": {
        "picture": 61,
        "_url": "61_700.jpg",
        "size": 700
    },
    "model": "trip_journal_app.stored_picture",
    "pk": 272
},
{
    "fields": {
        "picture": 61,
        "_url": "61_741.jpg",
        "size": 741
    },
    "model": "trip_journal_app.stored_picture",
    "pk": 273
},
{
    "fields": {
        "picture": 62,
        "_url": "62_400.jpg",
        "size": 400
    },
    "model": "trip_journal_app.stored_picture",
    "pk": 274
},
{
    "fields": {
        "picture": 62,
        "_url": "62_700.jpg",
        "size": 700
    },
    "model": "trip_journal_app.stored_picture",
    "pk": 275
},
{
    "fields": {
        "picture": 62,
        "_url": "62_741.jpg",
        "size": 741
    },
    "model": "trip_journal_app.stored_picture",
    "pk": 276
},
{
    "fields": {
        "picture": 63,
        "_url": "63_400.jpg",
        "size": 400
    },
    "model": "trip_journal_app.stored_picture",
    "pk": 277
},
{
    "fields": {
        "picture": 63,
        "_url": "63_700.jpg",
        "size": 700
    },
    "model": "trip_journal_app.stored_picture",
    "pk": 278
},
{
    "fields": {
        "picture": 63,
        "_url": "63_741.jpg",
        "size": 741
    },
    "model": "trip_journal_app.stored_picture",
    "pk": 279
},
{
    "fields": {
        "picture": 64,
        "_url": "64_400.jpg",
        "size": 400
    },
    "model": "trip_journal_app.stored_picture",
    "pk": 280
},
{
    "fields": {
        "picture": 64,
        "_url": "64_700.jpg",
        "size": 700
    },
    "model": "trip_journal_app.stored_picture",
    "pk": 281
},
{
    "fields": {
        "picture": 64,
        "_url": "64_741.jpg",
        "size": 741
    },
    "model": "trip_journal_app.stored_picture",
    "pk": 282
},
{
    "fields": {
        "picture": 65,
        "_url": "65_400.jpg",
        "size": 400
    },
    "model": "trip_journal_app.stored_picture",
    "pk": 283
},
{
    "fields": {
        "picture": 65,
        "_url": "65_700.jpg",
        "size": 700
    },
    "model": "trip_journal_app.stored_picture",
    "pk": 284
},
{
    "fields": {
        "picture": 65,
        "_url": "65_741.jpg",
        "size": 741
    },
    "model": "trip_journal_app.stored_picture",
    "pk": 285
},
{
    "fields": {
        "codename": "add_logentry",
        "name": "Can add log entry",
        "content_type": 1
    },
    "model": "auth.permission",
    "pk": 1
},
{
    "fields": {
        "codename": "change_logentry",
        "name": "Can change log entry",
        "content_type": 1
    },
    "model": "auth.permission",
    "pk": 2
},
{
    "fields": {
        "codename": "delete_logentry",
        "name": "Can delete log entry",
        "content_type": 1
    },
    "model": "auth.permission",
    "pk": 3
},
{
    "fields": {
        "codename": "add_permission",
        "name": "Can add permission",
        "content_type": 2
    },
    "model": "auth.permission",
    "pk": 4
},
{
    "fields": {
        "codename": "change_permission",
        "name": "Can change permission",
        "content_type": 2
    },
    "model": "auth.permission",
    "pk": 5
},
{
    "fields": {
        "codename": "delete_permission",
        "name": "Can delete permission",
        "content_type": 2
    },
    "model": "auth.permission",
    "pk": 6
},
{
    "fields": {
        "codename": "add_group",
        "name": "Can add group",
        "content_type": 3
    },
    "model": "auth.permission",
    "pk": 7
},
{
    "fields": {
        "codename": "change_group",
        "name": "Can change group",
        "content_type": 3
    },
    "model": "auth.permission",
    "pk": 8
},
{
    "fields": {
        "codename": "delete_group",
        "name": "Can delete group",
        "content_type": 3
    },
    "model": "auth.permission",
    "pk": 9
},
{
    "fields": {
        "codename": "add_user",
        "name": "Can add user",
        "content_type": 4
    },
    "model": "auth.permission",
    "pk": 10
},
{
    "fields": {
        "codename": "change_user",
        "name": "Can change user",
        "content_type": 4
    },
    "model": "auth.permission",
    "pk": 11
},
{
    "fields": {
        "codename": "delete_user",
        "name": "Can delete user",
        "content_type": 4
    },
    "model": "auth.permission",
    "pk": 12
},
{
    "fields": {
        "codename": "add_contenttype",
        "name": "Can add content type",
        "content_type": 5
    },
    "model": "auth.permission",
    "pk": 13
},
{
    "fields": {
        "codename": "change_contenttype",
        "name": "Can change content type",
        "content_type": 5
    },
    "model": "auth.permission",
    "pk": 14
},
{
    "fields": {
        "codename": "delete_contenttype",
        "name": "Can delete content type",
        "content_type": 5
    },
    "model": "auth.permission",
    "pk": 15
},
{
    "fields": {
        "codename": "add_session",
        "name": "Can add session",
        "content_type": 6
    },
    "model": "auth.permission",
    "pk": 16
},
{
    "fields": {
        "codename": "change_session",
        "name": "Can change session",
        "content_type": 6
    },
    "model": "auth.permission",
    "pk": 17
},
{
    "fields": {
        "codename": "delete_session",
        "name": "Can delete session",
        "content_type": 6
    },
    "model": "auth.permission",
    "pk": 18
},
{
    "fields": {
        "codename": "add_tag",
        "name": "Can add tag",
        "content_type": 7
    },
    "model": "auth.permission",
    "pk": 19
},
{
    "fields": {
        "codename": "change_tag",
        "name": "Can change tag",
        "content_type": 7
    },
    "model": "auth.permission",
    "pk": 20
},
{
    "fields": {
        "codename": "delete_tag",
        "name": "Can delete tag",
        "content_type": 7
    },
    "model": "auth.permission",
    "pk": 21
},
{
    "fields": {
        "codename": "add_story",
        "name": "Can add story",
        "content_type": 8
    },
    "model": "auth.permission",
    "pk": 22
},
{
    "fields": {
        "codename": "change_story",
        "name": "Can change story",
        "content_type": 8
    },
    "model": "auth.permission",
    "pk": 23
},
{
    "fields": {
        "codename": "delete_story",
        "name": "Can delete story",
        "content_type": 8
    },
    "model": "auth.permission",
    "pk": 24
},
{
    "fields": {
        "codename": "add_picture",
        "name": "Can add picture",
        "content_type": 9
    },
    "model": "auth.permission",
    "pk": 25
},
{
    "fields": {
        "codename": "change_picture",
        "name": "Can change picture",
        "content_type": 9
    },
    "model": "auth.permission",
    "pk": 26
},
{
    "fields": {
        "codename": "delete_picture",
        "name": "Can delete picture",
        "content_type": 9
    },
    "model": "auth.permission",
    "pk": 27
},
{
    "fields": {
        "codename": "add_stored_picture",
        "name": "Can add stored_picture",
        "content_type": 10
    },
    "model": "auth.permission",
    "pk": 28
},
{
    "fields": {
        "codename": "change_stored_picture",
        "name": "Can change stored_picture",
        "content_type": 10
    },
    "model": "auth.permission",
    "pk": 29
},
{
    "fields": {
        "codename": "delete_stored_picture",
        "name": "Can delete stored_picture",
        "content_type": 10
    },
    "model": "auth.permission",
    "pk": 30
},
{
    "fields": {
        "codename": "add_comment",
        "name": "Can add comment",
        "content_type": 11
    },
    "model": "auth.permission",
    "pk": 31
},
{
    "fields": {
        "codename": "change_comment",
        "name": "Can change comment",
        "content_type": 11
    },
    "model": "auth.permission",
    "pk": 32
},
{
    "fields": {
        "codename": "delete_comment",
        "name": "Can delete comment",
        "content_type": 11
    },
    "model": "auth.permission",
    "pk": 33
},
{
    "fields": {
        "codename": "add_map_artifact",
        "name": "Can add map_artifact",
        "content_type": 12
    },
    "model": "auth.permission",
    "pk": 34
},
{
    "fields": {
        "codename": "change_map_artifact",
        "name": "Can change map_artifact",
        "content_type": 12
    },
    "model": "auth.permission",
    "pk": 35
},
{
    "fields": {
        "codename": "delete_map_artifact",
        "name": "Can delete map_artifact",
        "content_type": 12
    },
    "model": "auth.permission",
    "pk": 36
},
{
    "fields": {
        "codename": "add_usersocialauth",
        "name": "Can add user social auth",
        "content_type": 13
    },
    "model": "auth.permission",
    "pk": 37
},
{
    "fields": {
        "codename": "change_usersocialauth",
        "name": "Can change user social auth",
        "content_type": 13
    },
    "model": "auth.permission",
    "pk": 38
},
{
    "fields": {
        "codename": "delete_usersocialauth",
        "name": "Can delete user social auth",
        "content_type": 13
    },
    "model": "auth.permission",
    "pk": 39
},
{
    "fields": {
        "codename": "add_nonce",
        "name": "Can add nonce",
        "content_type": 14
    },
    "model": "auth.permission",
    "pk": 40
},
{
    "fields": {
        "codename": "change_nonce",
        "name": "Can change nonce",
        "content_type": 14
    },
    "model": "auth.permission",
    "pk": 41
},
{
    "fields": {
        "codename": "delete_nonce",
        "name": "Can delete nonce",
        "content_type": 14
    },
    "model": "auth.permission",
    "pk": 42
},
{
    "fields": {
        "codename": "add_association",
        "name": "Can add association",
        "content_type": 15
    },
    "model": "auth.permission",
    "pk": 43
},
{
    "fields": {
        "codename": "change_association",
        "name": "Can change association",
        "content_type": 15
    },
    "model": "auth.permission",
    "pk": 44
},
{
    "fields": {
        "codename": "delete_association",
        "name": "Can delete association",
        "content_type": 15
    },
    "model": "auth.permission",
    "pk": 45
},
{
    "fields": {
        "codename": "add_code",
        "name": "Can add code",
        "content_type": 16
    },
    "model": "auth.permission",
    "pk": 46
},
{
    "fields": {
        "codename": "change_code",
        "name": "Can change code",
        "content_type": 16
    },
    "model": "auth.permission",
    "pk": 47
},
{
    "fields": {
        "codename": "delete_code",
        "name": "Can delete code",
        "content_type": 16
    },
    "model": "auth.permission",
    "pk": 48
},
{
    "fields": {
        "username": "olesiahr",
        "first_name": "olesia",
        "last_name": "hrydzhuk",
        "is_active": true,
        "is_superuser": false,
        "is_staff": false,
        "last_login": "2014-09-30T16:41:47Z",
        "groups": [],
        "user_permissions": [],
        "password": "!nnPGSUXQq63vhGnG2d3ZypKDZkX5IWVc7heNh6vz",
        "email": "olesiahr@gmail.com",
        "date_joined": "2014-09-29T21:36:16Z"
    },
    "model": "auth.user",
    "pk": 1
},
{
    "fields": {
        "username": "OlesiaHrydzhuk",
        "first_name": "Olesia",
        "last_name": "Hrydzhuk",
        "is_active": true,
        "is_superuser": false,
        "is_staff": false,
        "last_login": "2014-09-30T16:41:37Z",
        "groups": [],
        "user_permissions": [],
        "password": "!60tCSNjuAG1zATqSTHGaEAtEEsuGXcQqTFRobIhk",
        "email": "",
        "date_joined": "2014-09-29T21:36:35Z"
    },
    "model": "auth.user",
    "pk": 2
},
{
    "fields": {
        "username": "bojduk",
        "first_name": "\u0410\u043d\u0434\u0440\u0456\u0439",
        "last_name": "\u041b\u0438\u0442\u0432\u0438\u043d",
        "is_active": true,
        "is_superuser": false,
        "is_staff": false,
        "last_login": "2014-10-02T10:25:06Z",
        "groups": [],
        "user_permissions": [],
        "password": "!qvIvBaih0PPNZOyatMpb0J9wyvibmErVG2TytqfZ",
        "email": "bojduk@gmail.com",
        "date_joined": "2014-10-02T10:25:05Z"
    },
    "model": "auth.user",
    "pk": 3
},
{
    "fields": {
        "rating": [],
        "title": "SJ:J",
        "date_publish": "2014-09-29T21:46:54Z",
        "text": "[{\"marker\": null, \"content\": \"sfsfsf\", \"type\": \"text\"}, {\"marker\": null, \"content\": \"sfsf\", \"type\": \"text\"}, {\"marker\": null, \"content\": \"sfgghhqq\", \"type\": \"text\"}]",
        "tags": [],
        "track": null,
        "user": 2,
        "published": false,
        "date_travel": "2014-09-29"
    },
    "model": "trip_journal_app.story",
    "pk": 2
},
{
    "fields": {
        "rating": [],
        "title": "Story titel",
        "date_publish": "2014-09-29T21:48:31Z",
        "text": "[{\"marker\": null, \"content\": \"sfsfsfsfsf\", \"type\": \"text\"}]",
        "tags": [],
        "track": null,
        "user": 2,
        "published": false,
        "date_travel": "2014-09-29"
    },
    "model": "trip_journal_app.story",
    "pk": 3
},
{
    "fields": {
        "rating": [
            1
        ],
        "title": "\u041f\u043e\u0434\u043e\u0440\u043e\u0436 \u043d\u0430 \u0421\u0438\u0432\u0443\u043b\u044e",
        "date_publish": "2014-10-01T15:12:56Z",
        "text": "[{\"marker\": null, \"content\": \"\u0421\u0438\u0432\u0443\u043b\u044f \u2014 \u043d\u0430\u0439\u0432\u0438\u0449\u0430 (\u043c\u0430\u0431\u0443\u0442\u044c) \u0443 \u0490\u043e\u0440\u0491\u0430\u043d\u0430\u0445 \u0433\u043e\u0440\u0430, \u043d\u0430\u0437\u0438\u0432\u0430\u0454\u0442\u044c\u0441\u044f \u0442\u0430\u043a, \u0447\u0435\u0440\u0435\u0437 \u0442\u0435, \u0449\u043e \u0441\u0438\u0432\u0435\u043d\u044c\u043a\u0430, \u044f\u043a \u0456 \u0440\u0435\u0448\u0442\u0430 \u0433\u0456\u0440 \u0443 \u0490\u043e\u0440\u0491\u0430\u043d\u0430\u0445, \u0437\u0440\u0435\u0448\u0442\u043e\u044e. \u0425\u043e\u0447\u0430, \u0437\u0432\u0438\u0447\u0430\u0439\u043d\u043e, \u0454 \u044f\u043a\u0430\u0441\u044c \u043a\u043b\u0430\u0441\u0438\u0447\u043d\u0430 \u0435\u0442\u0438\u043c\u043e\u043b\u043e\u0433\u0456\u0447\u043d\u0430 \u0456\u0441\u0442\u043e\u0440\u0456\u044f \u0437 \u0432\u0440\u043e\u0434\u043b\u0438\u0432\u043e\u044e \u0446\u0430\u0440\u0456\u0432\u043d\u043e\u044e, \u043f\u0440\u043e \u044f\u043a\u0443 \u043c\u043e\u0436\u043d\u0430 \u043f\u043e\u0447\u0438\u0442\u0430\u0442\u0438 \u0443 \u0412\u0456\u043a\u0456\u043f\u0435\u0434\u0456\u0457. \u041e\u0442 \u043d\u0430 \u0421\u0438\u0432\u0443\u043b\u0456 \u043c\u0438 \u0449\u0435 \u043d\u0435 \u0431\u0443\u043b\u0438, \u0442\u043e\u043c\u0443 \u0442\u0443\u0434\u0438 \u0456 \u043f\u043e\u0457\u0445\u0430\u043b\u0438 \u0446\u044c\u043e\u0433\u043e \u0440\u043e\u043a\u0443 \u0456 \u0431\u0440\u043e\u0434\u0438\u043b\u0438 \u0432 \u0442\u0438\u0445 \u043c\u0456\u0441\u0446\u044f\u0445 \u043f\u043e \u0442\u0430\u043a\u043e\u043c\u0443 \u043c\u0430\u0440\u0448\u0440\u0443\u0442\u0443:\", \"type\": \"text\"}, {\"marker\": null, \"content\": \"\u0441\u0435\u043b\u043e \u041e\u0441\u043c\u043e\u043b\u043e\u0434\u0430 \u2014 \u0445\u0440\u0435\u0431\u0435\u0442 \u041c\u0430\u0442\u0430\u0433\u0456\u0432 \u2014 \u0433. \u0412\u0438\u0441\u043e\u043a\u0430 (1803 \u043c) \u2014 \u0433. \u0406\u0433\u0440\u043e\u0432\u0435\u0446\u044c (1804 \u043c) \u2014 \u043f\u0435\u0440\u0435\u0432\u0430\u043b \u0411\u043e\u0440\u0435\u0432\u043a\u0430 \u2014 \u0433. \u041b\u043e\u043f\u0443\u0448\u043d\u0430 (1772 \u043c) \u2014 \u0433. \u0412\u0435\u043b\u0438\u043a\u0430 \u0421\u0438\u0432\u0443\u043b\u044f (1836 \u043c) \u2014 \u0433. \u041c\u0430\u043b\u0430 \u0421\u0438\u0432\u0443\u043b\u044f (1818 \u043c) \u2014 \u043f\u043e\u043b\u043e\u043d\u0438\u043d\u0430 \u0420\u0443\u0449\u0438\u043d\u0430 \u2014 \u043f\u043e\u043b\u043e\u043d\u0438\u043d\u0430 \u0411\u043e\u044f\u0440\u0438\u043d \u2014 \u0440. \u0421\u0430\u043b\u0430\u0442\u0440\u0443\u0447\u0456\u043b\u044c \u2014 \u0440. \u0421\u0430\u043b\u0430\u0442\u0440\u0443\u043a \u2014 \u0441\u0435\u043b\u043e \u0411\u0438\u0441\u0442\u0440\u0438\u0446\u044f.\", \"type\": \"text\"}, {\"marker\": null, \"content\": \"\u0417\u0430\u0433\u0430\u043b\u043e\u043c \u0434\u0435\u0441\u044c 40 \u043a\u043c, \u0456 \u0442\u0440\u0438\u0432\u0430\u043b\u043e \u0446\u0435 \u0434\u0456\u043b\u043e \u0437 \u043f\u2019\u044f\u0442\u043d\u0438\u0446\u0456 \u0440\u0430\u043d\u043a\u0443 \u0434\u043e \u043f\u043e\u043d\u0435\u0434\u0456\u043b\u043a\u043e\u0432\u043e\u0433\u043e \u0432\u0435\u0447\u043e\u0440\u0430. \u0410 \u0434\u043e \u0447\u043e\u0433\u043e \u0442\u0443\u0442 \u041f\u0435\u043a\u043b\u043e? \u043d\u0443, \u043f\u0440\u043e \u041f\u0435\u043a\u043b\u043e \u043f\u043e\u0442\u0456\u043c.\", \"type\": \"text\"}, {\"marker\": null, \"content\": \"\u0414\u043e\u0431\u0438\u0440\u0430\u043b\u0438\u0441\u044c \u0430\u0432\u0442\u043e\u0431\u0443\u0441\u0430\u043c\u0438, \u0437\u0440\u0430\u043d\u0435\u0447\u043a\u0443 \u043d\u0430 \u0421\u0442\u0440\u0438\u0439\u0441\u044c\u043a\u043e\u043c\u0443 \u0430\u0432\u0442\u043e\u0432\u043e\u043a\u0437\u0430\u043b\u0456 \u0441\u0456\u043b\u0438 \u043d\u0430 \u043c\u0430\u0440\u0448\u0440\u0443\u0442\u043a\u0443 \u0434\u043e \u041a\u0430\u043b\u0443\u0448\u0430, \u0430 \u0442\u0430\u043c \u043f\u0435\u0440\u0435\u0441\u0456\u043b\u0438 \u043d\u0430 \u043f\u0440\u044f\u043c\u0438\u0439 \u0430\u0432\u0442\u043e\u0431\u0443\u0441 \u0434\u043e \u041e\u0441\u043c\u043e\u043b\u043e\u0434\u0438. \u041d\u0430\u0439\u0431\u0456\u043b\u044c\u0448\u0456 \u0432\u0440\u0430\u0436\u0435\u043d\u043d\u044f \u0432\u0456\u0434 \u043f\u0435\u0440\u0448\u043e\u0433\u043e \u0448\u043c\u0430\u0442\u043a\u0430 \u0448\u043b\u044f\u0445\u0443: \u0437\u0430\u043a\u043b\u0430\u0434 \u201c\u0420\u0456\u043e-\u0434\u0435-\u0416\u0443\u0440\u0430\u0432\u043d\u043e\u201d (\u044f \u043d\u0430\u0432\u0456\u0442\u044c, \u043a\u043e\u043b\u0438 \u043f\u0456\u0437\u043d\u0456\u0448\u0435 \u0443 \u0426\u0438\u0432\u0456\u043b\u0456\u0437\u0430\u0446\u0456\u0457 \u0437\u0430\u0445\u043e\u043f\u0438\u043b\u0430 \u0420\u0456\u043e-\u0434\u0435-\u0416\u0430\u043d\u0435\u0439\u0440\u043e, \u0442\u0430\u043a \u0439\u043e\u0433\u043e \u043f\u0435\u0440\u0435\u0439\u043c\u0435\u043d\u0443\u0432\u0430\u043b\u0430), \u0432\u0456\u0434 \u0434\u0440\u0443\u0433\u043e\u0433\u043e \u2014 \u0434\u0443\u0436\u0435 \u043f\u043e\u0433\u0430\u043d\u0430 \u0434\u043e\u0440\u043e\u0433\u0430 \u0456 \u0434\u0456\u0432\u0447\u0438\u043d\u043a\u0430, \u044f\u043a\u0430 \u0437\u2019\u0457\u043b\u0430 \u0432\u0435\u043b\u0438\u0447\u0435\u0437\u043d\u0438\u0439 \u0448\u043c\u0430\u0442\u043e\u043a \u043a\u043e\u0432\u0431\u0430\u0441\u0438 \u0431\u0435\u0437 \u0445\u043b\u0456\u0431\u0430 \u0456 \u0434\u0443\u0436\u0435 \u043f\u0456\u0434\u043e\u0437\u0440\u0456\u043b\u043e \u0433\u0438\u043a\u0430\u043b\u0430 \u0432\u0441\u044e \u0434\u043e\u0440\u043e\u0433\u0443 \u043d\u0430\u0434 \u043d\u0430\u0448\u0438\u043c\u0438 \u043d\u0430\u043f\u043b\u0456\u0447\u043d\u0438\u043a\u0430\u043c\u0438, \u0430\u043b\u0435 \u043e\u0431\u0456\u0439\u0448\u043b\u043e\u0441\u044c.\\n\", \"type\": \"text\"}, {\"marker\": null, \"content\": \"\u0412 \u041e\u0441\u043c\u043e\u043b\u043e\u0434\u0456 \u0454 \u0441\u0442\u0435\u043d\u0434\u0438, \u0434\u0435 \u043f\u043e\u0437\u043d\u0430\u0447\u0435\u043d\u0456 \u043c\u0430\u0440\u0448\u0440\u0443\u0442\u0438 \u2014 \u043d\u0430\u0448 \u0447\u0435\u0440\u0432\u043e\u043d\u0438\u0439 \u0434\u0443\u0436\u0435 \u0434\u043e\u0431\u0440\u0435 \u043f\u0440\u043e\u043c\u0430\u0440\u043a\u043e\u0432\u0430\u043d\u0438\u0439. \u0422\u0443\u0442 \u0442\u0440\u0435\u0431\u0430 \u043f\u0435\u0440\u0435\u0439\u0442\u0438 \u0447\u0435\u0440\u0435\u0437 \u0434\u0432\u0456 \u0440\u0456\u0447\u0435\u0447\u043a\u0438: \u041c\u043e\u043b\u043e\u0434\u0443 \u0456 \u041b\u0456\u043c\u043d\u0438\u0446\u044e. \u0427\u0435\u0440\u0435\u0437 \u043e\u0441\u0442\u0430\u043d\u043d\u044e \u0431\u0443\u0432 \u043e\u0441\u044c \u0442\u0430\u043a\u0438\u0439 \u0442\u0440\u043e\u0445\u0438 \u0445\u0438\u0441\u0442\u043a\u0438\u0439 \u043c\u0456\u0441\u0442\u043e\u043a.\", \"type\": \"text\"}, {\"marker\": null, \"type\": \"img\", \"id\": 2}, {\"marker\": null, \"content\": \"\u0414\u0430\u043b\u0456 \u0434\u043e\u0440\u043e\u0433\u0430 \u0434\u043e\u0441\u0438\u0442\u044c \u0441\u0442\u0440\u0456\u043c\u043a\u043e \u0430\u043b\u0435 \u0441\u0435\u0440\u043f\u0430\u043d\u0442\u0438\u043d\u043d\u043e \u043f\u0456\u0434\u0456\u0439\u043c\u0430\u0454\u0442\u044c\u0441\u044f \u043c\u0456\u0436 \u0441\u043c\u0435\u0440\u0435\u043a\u0430\u043c\u0438 \u0456 \u043f\u043e\u0440\u043e\u0441\u043b\u0438\u043c \u043c\u043e\u0445\u043e\u043c \u043a\u0430\u043c\u0456\u043d\u043d\u044f\u043c \u0434\u043e\u0433\u043e\u0440\u0438. \u0427\u0430\u0441 \u0432\u0456\u0434 \u0447\u0430\u0441\u0443 \u043c\u043e\u0436\u043d\u0430 \u0431\u0430\u0447\u0438\u0442\u0438 \u0440\u0456\u0437\u043d\u0456 \u043a\u0440\u0430\u0441\u0438\u0432\u0456 \u043a\u0440\u0430\u0454\u0432\u0438\u0434\u0438.\", \"type\": \"text\"}, {\"marker\": null, \"type\": \"img\", \"id\": 3}, {\"marker\": null, \"type\": \"img\", \"id\": 4}, {\"marker\": null, \"content\": \"\u0406 \u0432\u0441\u0435 \u0431\u0438 \u0431\u0443\u043b\u043e \u0434\u0443\u0436\u0435 \u0434\u043e\u0431\u0440\u0435, \u0430\u043b\u0435 \u043f\u043e\u0447\u0430\u0432\u0441\u044f \u0434\u043e\u0449\u0438\u043a, \u0441\u043f\u043e\u0447\u0430\u0442\u043a\u0443 \u043e\u043c\u0430\u043d\u043b\u0438\u0432\u043e \u043b\u0435\u0433\u0435\u043d\u044c\u043a\u0438\u0439, \u0430 \u043f\u043e\u0442\u0456\u043c \u0441\u0438\u043b\u044c\u043d\u0456\u0448\u0438\u0439 \u0456 \u0441\u0438\u043b\u044c\u043d\u0456\u0448\u0438\u0439. \u0422\u0430\u043a \u043c\u0438 \u0437\u043c\u043e\u043a\u043b\u0438 \u043f\u043e\u0432\u043d\u0456\u0441\u0442\u044e \u0456 \u0430\u0431\u0441\u043b\u043e\u044e\u0442\u043d\u043e, \u0449\u043e \u0436\u043e\u0434\u043d\u043e\u0433\u043e \u043a\u043b\u0430\u043f\u0442\u0438\u043a\u0430 \u0441\u0443\u0445\u043e\u0433\u043e \u043e\u0434\u044f\u0433\u0443 \u043d\u0435 \u0437\u0430\u043b\u0438\u0448\u0438\u043b\u043e\u0441\u044c, \u0445\u043e\u0447 \u0456 \u043c\u0430\u043b\u0438 \u0434\u043e\u0449\u043e\u0432\u0438\u043a\u0438. \", \"type\": \"text\"}, {\"marker\": null, \"content\": \"\u0406 \u043e\u0441\u044c, \u043a\u043e\u043b\u0438 \u0434\u0443\u043c\u043a\u0438 \u043f\u0440\u043e \u0441\u043f\u0430\u043d\u043d\u044f \u0443 \u043c\u043e\u043a\u0440\u043e\u043c\u0443 \u043e\u0434\u044f\u0437\u0456 \u0432 \u043c\u043e\u043a\u0440\u043e\u043c\u0443 \u043d\u0430\u043c\u0435\u0442\u0456 \u0443 \u043c\u043e\u043a\u0440\u043e\u043c\u0443 \u043b\u0456\u0441\u0456 \u0441\u0442\u0430\u043b\u0438 \u0437\u043e\u0432\u0441\u0456\u043c \u0433\u043d\u0456\u0442\u044e\u0447\u0438\u043c\u0438, \u043c\u0438 \u043f\u043e\u0431\u0430\u0447\u0438\u043b\u0438 \u0445\u0430\u0442\u0438\u043d\u043a\u0443 \u0434\u043b\u044f \u0442\u0443\u0440\u0438\u0441\u0442\u0456\u0432. \u0422\u0430\u043c \u0442\u0440\u043e\u0445\u0438 \u0431\u0440\u0443\u0434\u043d\u043e, \u0430\u043b\u0435 \u0454 \u043f\u0456\u0447\u043a\u0430 \u0456 \u0441\u0443\u0445\u0456 \u0434\u0440\u043e\u0432\u0430, \u0456 \u0434\u0430\u0445 \u043d\u0435 \u043f\u0440\u043e\u0442\u0456\u043a\u0430\u0454. \u0413\u043e\u0442\u0443\u0432\u0430\u0442\u0438 \u0457\u0441\u0442\u0438 \u0434\u043e\u0432\u0435\u043b\u043e\u0441\u044c \u043d\u0430 \u0434\u043e\u0449\u0456\u0432\u0446\u0456, \u0431\u043e \u043a\u0440\u0438\u043d\u0438\u0447\u043a\u0443 \u0437\u0430\u0442\u043e\u043f\u0438\u043b\u043e \u0431\u0440\u0443\u0434\u043d\u043e\u044e \u0432\u043e\u0434\u043e\u044e. \u041f\u0456\u0437\u043d\u0456\u0448\u0435 \u0443 \u0446\u044e \u0445\u0430\u0442\u0438\u043d\u043a\u0443 \u043f\u0440\u0438\u0439\u0448\u043b\u0438 \u044f\u043a\u0456\u0441\u044c \u043f\u0430\u0446\u0430\u043d\u0438 \u0437 \u0423\u0436\u0433\u043e\u0440\u043e\u0434\u0430 \u0456 \u043f\u043e\u0441\u0435\u043b\u0438\u043b\u0438\u0441\u044c \u043d\u0430 \u0433\u043e\u0440\u0438\u0449\u0456. \u0410 \u043c\u0438 \u0432\u0438\u043f\u0438\u043b\u0438 \u0442\u0440\u043e\u0445\u0438 \u0441\u043b\u0438\u0432\u2019\u044f\u043d\u043a\u0438, \u043d\u0430\u0433\u043e\u0434\u0443\u0432\u0430\u043b\u0438 \u043c\u0438\u0448\u043a\u0443 \u0446\u0443\u043a\u0435\u0440\u043a\u043e\u044e, \u0437\u0430\u0445\u043e\u0432\u0430\u043b\u0438 \u0432\u0456\u0434 \u0457\u0457 \u0440\u043e\u0434\u0438\u0447\u0456\u0432 \u0440\u0435\u0448\u0442\u0443 \u0445\u0430\u0440\u0447\u0456\u0432 \u0456 \u043f\u043e\u043b\u044f\u0433\u0430\u043b\u0438 \u0441\u043f\u0430\u0442\u0438.\", \"type\": \"text\"}, {\"marker\": null, \"content\": \"\u041d\u0430\u0441\u0442\u0443\u043f\u043d\u043e\u0433\u043e \u0434\u043d\u044f \u043f\u043e\u0433\u043e\u0434\u0430 \u0431\u0443\u043b\u0430 \u0442\u0440\u043e\u0445\u0438 \u043a\u0440\u0430\u0449\u043e\u044e, \u0445\u043e\u0447 \u043d\u0430 \u0432\u0435\u0440\u0448\u0438\u043d\u0430\u0445 \u043d\u0430\u0441 \u043d\u0435 \u0440\u0430\u0437 \u043f\u043e\u0433\u043b\u0438\u043d\u0430\u043b\u0438 \u0445\u043c\u0430\u0440\u0438. \u0414\u0435\u0441\u044c \u0437\u0430 2 \u0433\u043e\u0434\u0438\u043d\u0438 \u043c\u0438 \u043f\u0456\u0434\u043d\u044f\u043b\u0438\u0441\u044c \u043d\u0430 \u0433\u043e\u0440\u0443 \u0412\u0435\u043b\u0438\u043a\u0430, a \u0434\u0430\u043b\u0456 \u043f\u0440\u043e\u0442\u0440\u0430\u0432\u0435\u0440\u0441\u0443\u0432\u0430\u043b\u0438 \u0406\u0433\u0440\u043e\u0432\u0435\u0446\u044c, \u0430\u043b\u0435 \u0434\u043e\u043c\u043e\u0432\u0438\u043b\u0438\u0441\u044c, \u0449\u043e \u0431\u0443\u0434\u0435\u043c\u043e \u0432\u0441\u0456\u043c \u043a\u0430\u0437\u0430\u0442\u0438, \u0449\u043e \u043c\u0438 \u0439 \u043d\u0430 \u0439\u043e\u0433\u043e \u0432\u0435\u0440\u0448\u0438\u043d\u0456 \u043f\u043e\u0431\u0443\u0432\u0430\u043b\u0438. \u041e\u0439\u2026\", \"type\": \"text\"}, {\"marker\": null, \"type\": \"img\", \"id\": 5}, {\"marker\": null, \"content\": \"\u0414\u0430\u043b\u0456 \u0442\u0440\u0435\u0431\u0430 \u0441\u043f\u0443\u0441\u043a\u0430\u0442\u0438\u0441\u044c \u0434\u043e \u043f\u0435\u0440\u0435\u0432\u0430\u043b\u0443 \u0411\u043e\u0440\u0435\u0432\u043a\u0430 \u043f\u043e \u0432\u0456\u0434\u043e\u043c\u0438\u0445 \u0491\u043e\u0440\u0491\u0430\u043d\u0441\u044c\u043a\u0438\u0445 \u043a\u0430\u043c\u0435\u043d\u044f\u0447\u043a\u0430\u0445, \u0437\u0430 \u0449\u043e \u043a\u043e\u043b\u0456\u043d\u0430 \u201c\u0434\u044f\u043a\u0443\u044e\u201d \u043d\u0435 \u0441\u043a\u0430\u0436\u0443\u0442\u044c. \", \"type\": \"text\"}, {\"marker\": null, \"type\": \"img\", \"id\": 6}, {\"marker\": null, \"type\": \"img\", \"id\": 7}, {\"marker\": null, \"content\": \"\u0410\u043b\u0435 \u0437\u0456\u0439\u0448\u043b\u0438 \u043c\u0438 \u0431\u0435\u0437 \u0442\u0440\u0430\u0432\u043c\u0430\u0442\u0438\u0437\u043c\u0443, \u0430 \u0442\u0440\u043e\u0448\u043a\u0438 \u0434\u0430\u043b\u0456 \u0437\u0430 \u043f\u0435\u0440\u0435\u0432\u0430\u043b\u043e\u043c \u0431\u0443\u0432 \u043f\u043e\u0442\u0456\u0447\u043e\u043a, \u0442\u0430\u043c \u0437\u0443\u043f\u0438\u043d\u0438\u043b\u0438\u0441\u044c \u043d\u0430 \u043e\u0431\u0456\u0434 \u0456 \u043d\u0430\u0432\u0430\u0440\u0438\u043b\u0438 \u0441\u043e\u0431\u0456 \u043c\u0456\u0432\u0456\u043d\u0438. \u0422\u0443\u0442 \u0437\u043d\u043e\u0432\u0443 \u043f\u043e\u0447\u0430\u0432\u0441\u044f \u0434\u043e\u0449, \u0430\u043b\u0435, \u043d\u0430 \u0449\u0430\u0441\u0442\u044f, \u0434\u043e \u0442\u043e\u0433\u043e \u0447\u0430\u0441\u0443, \u044f\u043a \u043c\u0438 \u043f\u0456\u0434\u043d\u044f\u043b\u0438\u0441\u044c \u043d\u0430 \u0445\u0440\u0435\u0431\u0435\u0442 \u0421\u0438\u0432\u0443\u043b\u044f \u0434\u043e \u043b\u0456\u043d\u0456\u0457, \u0434\u0435 \u0437\u043d\u043e\u0432\u0443 \u043f\u043e\u0447\u0438\u043d\u0430\u043b\u0438\u0441\u044c \u043a\u0430\u043c\u0435\u043d\u044f\u0447\u043a\u0438, \u0432\u0456\u043d \u0442\u0440\u043e\u0445\u0438 \u0432\u0449\u0443\u0445.\", \"type\": \"text\"}, {\"marker\": null, \"type\": \"img\", \"id\": 8}, {\"marker\": null, \"content\": \"\u041d\u0430 \u043f\u0456\u0434\u0439\u043e\u043c\u0456 \u043c\u0438 \u0437\u0443\u0441\u0442\u0440\u0456\u043b\u0438 \u043a\u0456\u043b\u044c\u043a\u0430 \u0433\u0440\u0443\u043f \u0442\u0443\u0440\u0438\u0441\u0442\u0456\u0432, \u0434\u043e \u0441\u043a\u043b\u0430\u0434\u0443 \u0434\u0432\u043e\u0445 \u0432\u0445\u043e\u0434\u0438\u043b\u0438 \u0441\u043e\u0431\u0430\u043a\u0438, \u043e\u0434\u043d\u0430 \u0437 \u044f\u043a\u0438\u0445 \u0431\u0443\u043b\u0430 \u0434\u0443\u0436\u0435 \u0434\u0440\u0443\u0436\u043d\u044f \u0456 \u043f\u0440\u0438\u0445\u043e\u0434\u0438\u043b\u0430 \u0431\u0456\u043b\u044f \u043d\u0430\u0441 \u043f\u043e\u0441\u0438\u0434\u0456\u0442\u0438, \u043a\u043e\u043b\u0438 \u043c\u0438 \u0432\u0456\u0434\u043f\u043e\u0447\u0438\u0432\u0430\u043b\u0438. \u0429\u0435 \u0442\u0430\u043c \u043d\u0430 \u043f\u0456\u0434\u0445\u043e\u0434\u0456 \u0434\u043e \u0421\u0438\u0432\u0443\u043b\u0456 \u0454 \u0440\u0443\u0457\u043d\u0438 \u044f\u043a\u0438\u0445\u043e\u0441\u044c \u043e\u0431\u043e\u0440\u043e\u043d\u043d\u0438\u0445 \u0443\u043a\u0440\u0456\u043f\u043b\u0435\u043d\u044c \u0437 \u0447\u0430\u0441\u0456\u0432 \u041f\u0435\u0440\u0448\u043e\u0457 \u0441\u0432\u0456\u0442\u043e\u0432\u043e\u0457. \u0421\u043e\u0440\u043e\u043c\u043d\u043e, \u0430\u043b\u0435 \u0432\u0438\u044f\u0432\u0438\u043b\u043e\u0441\u044c, \u0449\u043e \u043d\u0456\u0445\u0442\u043e \u0437 \u043d\u0430\u0441 \u043d\u0435 \u0437\u043d\u0430\u0432, \u0445\u0442\u043e \u0456\u0437 \u043a\u0438\u043c \u0442\u0430\u043c \u0432\u043e\u044e\u0432\u0430\u0432, \u0445\u043e\u0447\u0430, \u043f\u0440\u0438\u043f\u0443\u0441\u043a\u0430\u044e, \u043e\u0434\u043d\u043e\u044e \u0437\u0456 \u0441\u0442\u043e\u0440\u0456\u043d \u0431\u0443\u043b\u0438 \u0421\u0456\u0447\u043e\u0432\u0456 \u0441\u0442\u0440\u0456\u043b\u044c\u0446\u0456.\", \"type\": \"text\"}, {\"marker\": null, \"content\": \"\u041f\u0456\u0441\u043b\u044f \u0421\u0438\u0432\u0443\u043b\u044c \u043c\u0438 \u0441\u043f\u0443\u0441\u0442\u0438\u043b\u0438\u0441\u044c \u0434\u043e \u043f\u043e\u043b\u043e\u043d\u0438\u043d\u0438 \u0420\u0443\u0449\u0438\u043d\u0430, \u0442\u0430\u043c \u0454 \u0440\u0443\u0457\u043d\u0438 \u0442\u0443\u0440\u0438\u0441\u0442\u0438\u0447\u043d\u043e\u0433\u043e \u043f\u0440\u0438\u0442\u0443\u043b\u043a\u0443, \u0432\u043e\u0434\u0438\u0447\u043a\u0430, \u043c\u0456\u0441\u0446\u044f \u0434\u043b\u044f \u043d\u043e\u0447\u0456\u0432\u043b\u0456. \u0406 \u0434\u044f\u0434\u0435\u0447\u043a\u043e, \u044f\u043a\u0438\u0439 \u0441\u0432\u0430\u0440\u0438\u0442\u044c\u0441\u044f, \u0449\u043e \u0432\u0441\u0456 \u0441\u043c\u0456\u0442\u044f\u0442\u044c, \u0445\u043e\u0447 \u043c\u0438 \u0456 \u043d\u0435 \u0441\u043c\u0456\u0442\u0438\u043c\u043e \u0437\u043e\u0432\u0441\u0456\u043c, \u0430 \u043d\u0435\u0441\u0435\u043c\u043e \u0443\u0441\u0435 \u0441\u043c\u0456\u0442\u0442\u044f \u0443 \u043c\u0456\u0448\u0435\u0447\u043a\u0443 \u0437 \u0441\u043e\u0431\u043e\u044e.\", \"type\": \"text\"}, {\"marker\": null, \"type\": \"img\", \"id\": 9}, {\"marker\": null, \"content\": \"\u0423 \u043d\u0435\u0434\u0456\u043b\u044e \u0432\u0440\u0430\u043d\u0446\u0456 \u043c\u0438 \u043f\u0440\u043e\u043a\u0438\u043d\u0443\u043b\u0438\u0441\u044c, \u0437\u0456\u0431\u0440\u0430\u043b\u0438\u0441\u044c \u0456 \u0432\u0438\u0440\u0443\u0448\u0438\u043b\u0438 \u043f\u0435\u0440\u0448\u0438\u043c \u0434\u0456\u043b\u043e\u043c \u0434\u043e \u0443\u0440\u0432\u0438\u0449\u0430 \u041f\u0435\u043b\u043a\u043b\u043e. \u0412\u0438\u044f\u0432\u0438\u043b\u043e\u0441\u044c, \u0442\u0430\u043c \u043d\u0435 \u0434\u0443\u0436\u0435 \u043f\u0435\u043a\u0435\u043b\u044c\u043d\u043e \u2014 \u0442\u0430\u043a \u0441\u043e\u0431\u0456 \u0443\u0440\u0432\u0438\u0449\u0435, \u0442\u0430\u0439 \u0443\u0440\u0432\u0438\u0449\u0435, \u0447\u043e\u0440\u0442\u0456\u0432 \u0442\u0430\u043c \u0442\u0430\u043a\u043e\u0436 \u043d\u0435 \u043f\u043e\u043c\u0456\u0442\u043d\u043e \u0431\u0443\u043b\u043e. \", \"type\": \"text\"}, {\"marker\": null, \"type\": \"img\", \"id\": 10}, {\"marker\": null, \"type\": \"img\", \"id\": 11}, {\"marker\": null, \"content\": \"\u0410 \u043e\u0441\u044c \u0431\u043b\u0443\u0434 \u043d\u0430\u0441 \u043f\u043e\u0447\u0430\u0432 \u0447\u0456\u043f\u043b\u044f\u0442\u0438\u0441\u044c \u0442\u043e\u0433\u043e \u0434\u043d\u044f, \u0431\u043e \u043c\u0430\u0440\u043a\u0443\u0432\u0430\u043d\u043d\u044f \u0437\u0430 \u0421\u0438\u0432\u0443\u043b\u044f\u043c\u0438 \u0432\u0436\u0435 \u043d\u0435 \u0442\u0430\u043a\u0435 \u0447\u0443\u0434\u043e\u0432\u0435. \u0422\u043e\u043c\u0443 \u043f\u0435\u0440\u0448 \u043d\u0456\u0436 \u0441\u043f\u0443\u0441\u0442\u0438\u0442\u0438\u0441\u044c \u0434\u043e \u0440\u0456\u0447\u043a\u0438 \u0421\u0430\u043b\u0430\u0442\u0440\u0443\u043a \u043c\u0438 \u0437\u0430\u0431\u043b\u0443\u043a\u0430\u043b\u0438 \u0434\u0432\u0430 \u0440\u0430\u0437\u0438, \u0430\u043b\u0435 \u0449\u0435 \u0439 \u043d\u0430\u0437\u0431\u0438\u0440\u0430\u043b\u0438 \u0431\u0430\u0433\u0430\u0442\u043e \u0433\u0430\u0440\u043d\u0435\u043d\u044c\u043a\u0438\u0445 \u0431\u043e\u0440\u043e\u0432\u0438\u043a\u0456\u0432 \u0456 \u043b\u0438\u0441\u0438\u0447\u043e\u043a. \u0422\u043e\u0433\u043e \u0432\u0435\u0447\u043e\u0440\u0430 \u043c\u0438 \u0437\u0443\u043f\u0438\u043d\u0438\u043b\u0438\u0441\u044c \u0431\u0456\u043b\u044f \u0432\u043e\u0434\u043e\u0441\u043f\u0430\u0434\u0443 \u043d\u0430 \u0421\u0430\u043b\u0430\u0442\u0440\u0443\u043a\u0443 (\u0421\u0430\u043b\u0430\u0442\u0440\u0443\u0446\u0456?). \", \"type\": \"text\"}, {\"marker\": null, \"type\": \"img\", \"id\": 12}, {\"marker\": null, \"content\": \"\u041f\u0435\u0440\u0435\u0434 \u0432\u043e\u0434\u043e\u0441\u043f\u0430\u0434\u043e\u043c \u0432\u0435\u043b\u0438\u0447\u0435\u0437\u043d\u0435 \u043f\u043b\u0435\u0441\u043e \u043f\u043e\u0432\u043d\u0456\u0441\u0442\u044e \u0437\u0430\u0441\u0435\u043b\u0435\u043d\u0435 \u043f\u0443\u0433\u043e\u043b\u043e\u0432\u043a\u0430\u043c\u0438. \u0422\u0430\u043a\u043e\u0436 \u0434\u043e \u043d\u0430\u0448\u043e\u0433\u043e \u0442\u0430\u0431\u043e\u0440\u0443 \u043f\u0440\u0438\u0445\u043e\u0434\u0438\u043b\u0438 \u043a\u043e\u0440\u043e\u0432\u0438 \u0456 \u043f\u0440\u043e\u0431\u0443\u0432\u0430\u043b\u0438 \u043f\u043e\u0436\u0443\u0432\u0430\u0442\u0438 \u043d\u0430\u043c\u0435\u0442 \u0456 \u0432\u043b\u0430\u0441\u043d\u0438\u043a\u0438 \u043a\u043e\u0440\u0456\u0432, \u044f\u043a\u0456 \u043f\u0440\u043e\u0431\u0443\u0432\u0430\u043b\u0438 \u043f\u0440\u043e\u0434\u0430\u0442\u0438 \u043a\u043e\u0440\u043e\u0432\u2019\u044f\u0447\u0435 \u043c\u043e\u043b\u043e\u043a\u043e, \u043d\u0456\u043a\u043e\u043c\u0443 \u043d\u0456\u0447\u043e\u0433\u043e \u043d\u0435 \u0432\u0434\u0430\u043b\u043e\u0441\u044c.\", \"type\": \"text\"}, {\"marker\": null, \"content\": \"\u041d\u0430\u0441\u0442\u0443\u043f\u043d\u043e\u0433\u043e \u0434\u043d\u044f \u2014 \u043c\u043e\u044f \u043d\u0430\u0439\u043d\u0435\u0443\u043b\u044e\u0431\u043b\u0435\u043d\u0456\u0448\u0430 \u0447\u0430\u0441\u0442\u0438\u043d\u0430 \u2014 \u043a\u043e\u043b\u0438 \u0431\u0440\u0443\u0434\u043d\u0438\u043c \u0456 \u0441\u043c\u0435\u0440\u0434\u044e\u0447\u0438\u043c \u0442\u0440\u0435\u0431\u0430 \u0442\u043e\u0432\u043a\u0442\u0438\u0441\u044c \u043f\u043e \u0432\u0441\u0456\u043b\u044f\u043a\u0438\u0445 \u043c\u0430\u0440\u0448\u0440\u0443\u0442\u043a\u0430\u0445, \u0434\u043e \u0442\u043e\u0433\u043e \u0436 \u0431\u0443\u043b\u043e \u0434\u0443\u0436\u0435 \u0441\u043f\u0435\u043a\u043e\u0442\u043d\u043e. \u0421\u043f\u0435\u0440\u0448\u0443 \u043c\u0438 \u0434\u0456\u0439\u0448\u043b\u0438 \u0434\u043e \u0411\u0438\u0441\u0442\u0440\u0438\u0446\u0456, \u0442\u0430\u043c \u043f\u043e\u0447\u0435\u043a\u0430\u043b\u0438 \u0434\u0432\u0456 \u0433\u043e\u0434\u0438\u043d\u0438 \u043d\u0430 \u0430\u0432\u0442\u043e\u0431\u0443\u0441, \u0432\u0438\u043f\u0438\u043b\u0438 \u043a\u0432\u0430\u0441\u0443, \u043f\u043e\u0431\u0430\u0447\u0438\u043b\u0438 \u0434\u0438\u0442\u044f\u0447\u0438\u0439 \u043c\u0430\u0439\u0434\u0430\u043d\u0447\u0438\u043a \u0437\u0440\u043e\u0431\u043b\u0435\u043d\u0438\u0439 \u0444\u043e\u043d\u0434\u043e\u043c \u041a\u043b\u0438\u0447\u043a\u0430 \u0456 \u0432\u0435\u0441\u044c \u0437\u0430\u043a\u0438\u0434\u0430\u043d\u0438\u0439 \u043f\u043b\u044f\u0448\u043a\u0430\u043c\u0438 \u0432\u0456\u0434 \u0433\u043e\u0440\u0456\u043b\u043a\u0438. \", \"type\": \"text\"}, {\"marker\": null, \"content\": \"\u0410\u0432\u0442\u043e\u0431\u0443\u0441 \u0432\u0456\u0434\u0432\u0456\u0437 \u043d\u0430\u0441 \u0434\u043e \u041d\u0430\u0434\u0432\u0456\u0440\u043d\u043e\u0457 \u0456 \u043f\u043e \u0434\u043e\u0440\u043e\u0437\u0456 \u043c\u0438 \u043f\u043e\u0431\u0430\u0447\u0438\u043b\u0438 \u0436\u0438\u0432\u0443 \u043b\u0438\u0441\u0438\u0447\u043a\u0443. \u0412 \u041d\u0430\u0434\u0432\u0456\u0440\u043d\u0456\u0439 \u0442\u0440\u0435\u0431\u0430 \u0442\u0440\u043e\u0445\u0438 \u043f\u0440\u043e\u0439\u0442\u0438\u0441\u044c \u0434\u043e \u043c\u0456\u0441\u0446\u044f, \u0434\u0435 \u0432\u0456\u0434\u043f\u0440\u0430\u0432\u043b\u044f\u044e\u0442\u044c\u0441\u044f \u0430\u0432\u0442\u043e\u0431\u0443\u0441\u0438 \u043d\u0430 \u0424\u0440\u0430\u043d\u043a\u0456\u0432\u0441\u044c\u043a. \u0410 \u0443 \u0424\u0440\u0430\u043d\u043a\u0456\u0432\u0441\u044c\u043a\u0443, \u0432\u0438\u044f\u0432\u043b\u044f\u0454\u0442\u044c\u0441\u044f, \u0430\u0432\u0442\u043e\u0431\u0443\u0441\u0438 \u0434\u043e \u041b\u044c\u0432\u043e\u0432\u0430 \u0432\u0436\u0435 \u043d\u0435 \u0457\u0437\u0434\u044f\u0442\u044c \u0432\u0456\u0434 \u0437\u0430\u043b\u0456\u0437\u043d\u0438\u0447\u043d\u043e\u0433\u043e \u0432\u043e\u043a\u0437\u0430\u043b\u0443, \u0430 \u0442\u0440\u0435\u0431\u0430 \u043f\u0435\u0440\u0442\u0438\u0441\u044c \u0434\u0435\u0441\u044c \u043d\u0430 \u044f\u043a\u0456\u0441\u044c \u043e\u043a\u043e\u043b\u0438\u0446\u0456 \u0442\u0430 \u0449\u0435 \u0439 \u0437\u043d\u043e\u0432\u0443 \u0447\u0435\u043a\u0430\u0442\u0438 \u0442\u0430\u043c \u0434\u0432\u0456 \u0433\u043e\u0434\u0438\u043d\u0438.\", \"type\": \"text\"}, {\"marker\": {\"k\": 49.83942170343318, \"B\": 23.984355926513672}, \"content\": \" \u0421\u043b\u043e\u0432\u043e\u043c, \u0443 \u041b\u044c\u0432\u043e\u0432\u0456 \u043c\u0438 \u0431\u0443\u043b\u0438 \u0430\u0436 \u0434\u0435\u0441\u044c \u043a\u043e\u043b\u043e 10 \u0433\u043e\u0434\u0438\u043d\u0438 \u0432\u0435\u0447\u043e\u0440\u0430 \u2014 \u0432\u0438\u0441\u043d\u0430\u0436\u0435\u043d\u0456 \u0430\u043b\u0435 \u043d\u0435 \u0448\u043a\u043e\u0434\u0443\u0454\u043c\u043e.\", \"type\": \"text\"}, {\"marker\": null, \"content\": \"sdfsfsf\", \"type\": \"text\"}]",
        "tags": [],
        "track": null,
        "user": 1,
        "published": true,
        "date_travel": "2014-09-30"
    },
    "model": "trip_journal_app.story",
    "pk": 6
},
{
    "fields": {
        "rating": [],
        "title": "\u0417\u0430\u043c\u043a\u0430\u043c\u0438 \u0417\u0430\u0445\u0456\u0434\u043d\u043e\u0457 \u0423\u043a\u0440\u0430\u0457\u043d\u0438 \u0437 \u041e\u043a\u0441\u0430\u043d\u0430\u043c\u0438",
        "date_publish": "2014-10-01T14:57:12Z",
        "text": "[{\"marker\": null, \"content\": \"\u041e\u0434\u043d\u043e\u0433\u043e \u0440\u0430\u0437\u0443 \u043c\u0438 \u0457\u0437\u0434\u0438\u043b\u0438 \u0443 \u043f\u043e\u0434\u043e\u0440\u043e\u0436 \u0437\u0430\u043c\u043a\u0430\u043c\u0438 \u0437\u0430\u0445\u0456\u0434\u043d\u043e\u0457 \u0423\u043a\u0440\u0430\u0457\u043d\u0438 \u0437 \u041e\u043a\u0441\u0430\u043d\u043a\u0430\u043c\u0438.\", \"type\": \"text\"}, {\"marker\": null, \"content\": \"\u041c\u0438 \u043f\u043e\u0431\u0443\u0432\u0430\u043b\u0438 \u0443 \u0417\u043e\u043b\u043e\u0447\u0435\u0432\u0456.\", \"type\": \"text\"}, {\"marker\": null, \"type\": \"img\", \"id\": 13}, {\"marker\": null, \"content\": \"\u0423 \u0417\u0431\u0430\u0440\u0430\u0436\u0456.\", \"type\": \"text\"}, {\"marker\": null, \"type\": \"img\", \"id\": 14}, {\"marker\": null, \"content\": \"\u041f\u043e\u0442\u0456\u043c \u043f\u043e\u0457\u0445\u0430\u043b\u0438 \u0434\u043e \u041a\u0430\u043c'\u044f\u043d\u0446\u044f-\u041f\u043e\u0434\u0456\u043b\u044c\u0441\u044c\u043a\u043e\u0433\u043e.\", \"type\": \"text\"}, {\"marker\": null, \"type\": \"img\", \"id\": 15}, {\"marker\": null, \"content\": \"\u041f\u043e\u0441\u0442\u0440\u0438\u0431\u0430\u043b\u0438 \u0442\u0430\u043c \u0437 \u043c\u043e\u0441\u0442\u0430.\", \"type\": \"text\"}, {\"marker\": null, \"content\": \"\u0414\u0430\u043b\u0456 \u043f\u043e\u0457\u0445\u0430\u043b\u0438 \u0443 \u0425\u043e\u0442\u0438\u043d.\", \"type\": \"text\"}, {\"marker\": null, \"type\": \"img\", \"id\": 17}, {\"marker\": null, \"content\": \"\u0417\u0440\u043e\u0431\u0438\u043b\u0438 \u0444\u043e\u0442\u043e\u0433\u0440\u0430\u0444\u0456\u0457 \u0431\u0456\u043b\u044f \u0433\u0430\u043b\u0438\u0446\u044c\u043a\u043e\u0433\u043e \u0414\u0430\u043d\u0438\u043b\u0430 \u0413\u0430\u043b\u0438\u0446\u044c\u043a\u043e\u0433\u043e.\", \"type\": \"text\"}, {\"marker\": null, \"type\": \"img\", \"id\": 18}, {\"marker\": null, \"content\": \"\u041f\u043e\u0433\u0443\u043b\u044f\u043b\u0438 \u043f\u043e \u041c\u0443\u043a\u0430\u0447\u0435\u0432\u0443.\", \"type\": \"text\"}, {\"marker\": null, \"type\": \"img\", \"id\": 19}, {\"marker\": null, \"type\": \"img\", \"id\": 20}, {\"marker\": null, \"content\": \"\u041f\u043e\u0434\u0438\u0432\u043b\u0438\u0441\u044c \u043d\u0430 \u043a\u0430\u0447\u0435\u0447\u043e\u043a \u0432 \u0423\u0436\u0433\u043e\u0440\u043e\u0434\u0456.\", \"type\": \"text\"}, {\"marker\": {\"k\": 49.82707597184308, \"B\": 23.987703323364258}, \"type\": \"img\", \"id\": 21}, {\"marker\": null, \"content\": \"\u0406 \u0445\u0442\u043e\u0441\u044c \u0437 \u043d\u0430\u0441 \u0437'\u0457\u0432 \u043e\u0441\u044c \u0442\u0430\u043a\u0443 \u043d\u0435\u0437\u0440\u043e\u0437\u0443\u043c\u0456\u043b\u0443 \u0444\u0456\u0433\u043d\u044e.\", \"type\": \"text\"}, {\"marker\": null, \"type\": \"img\", \"id\": 22}, {\"marker\": {\"k\": 49.83073019384823, \"B\": 23.9846134185791}, \"content\": \"some text\", \"type\": \"text\"}]",
        "tags": [],
        "track": null,
        "user": 1,
        "published": true,
        "date_travel": "2014-09-30"
    },
    "model": "trip_journal_app.story",
    "pk": 7
},
{
    "fields": {
        "rating": [],
        "title": "\u0411\u0456\u043b\u044f \u0414\u043e\u043d\u043e\u0437\u043b\u0430\u0432\u0443",
        "date_publish": "2014-09-30T16:34:11Z",
        "text": "[{\"marker\": null, \"content\": \"\u041a\u043e\u043b\u0438\u0441\u044c \u0442\u0430\u0442\u043e \u0437\u043c\u0443\u0441\u0438\u0432 \u043c\u0435\u043d\u0435 \u043f\u043e\u0457\u0445\u0430\u0442\u0438 \u0437 \u043d\u0438\u043c\u0438 \u0434\u043e \u041a\u0440\u0438\u043c\u0443. \u041c\u0435\u043d\u0456 \u0431\u0443\u043b\u043e \u0434\u0443\u0436\u0435 \u043d\u0435\u0432\u0435\u0441\u0435\u043b\u043e, \u0442\u043e\u043c\u0443 \u0444\u043e\u0442\u043a\u0438 \u0442\u0435\u0436 \u0432\u0438\u0439\u0448\u043b\u0438 \u043c\u0440\u0430\u0447\u043d\u0435\u043d\u044c\u043a\u0456.\", \"type\": \"text\"}, {\"marker\": null, \"content\": \"\u0422\u0430\u043a\u0456-\u043e\u0442 \u0434\u043e\u0445\u043b\u0456 \u0442\u0432\u0430\u0440\u0438\u043d\u043a\u0438:\", \"type\": \"text\"}, {\"marker\": null, \"type\": \"img\", \"id\": 23}, {\"marker\": null, \"type\": \"img\", \"id\": 25}, {\"marker\": null, \"type\": \"img\", \"id\": 27}, {\"marker\": null, \"content\": \"\u0420\u043e\u0437\u0432\u0430\u043b\u0435\u043d\u0456 \u0445\u0430\u0442\u0438\u043d\u043a\u0438:\", \"type\": \"text\"}, {\"marker\": null, \"type\": \"img\", \"id\": 24}, {\"marker\": null, \"type\": \"img\", \"id\": 26}, {\"marker\": null, \"type\": \"img\", \"id\": 28}, {\"marker\": null, \"type\": \"img\", \"id\": 29}, {\"marker\": null, \"content\": \"\u0417\u0430\u0432\u0430\u043b\u0435\u043d\u0456 \u0433\u043e\u0440\u0438\u0437\u043e\u043d\u0442\u0438:\", \"type\": \"text\"}, {\"marker\": null, \"type\": \"img\", \"id\": 30}, {\"marker\": null, \"type\": \"img\", \"id\": 31}, {\"marker\": null, \"type\": \"img\", \"id\": 32}, {\"marker\": null, \"content\": \"\u0406 \u0449\u0435 \u043e\u0434\u043d\u0456 \u0432\u0456\u0442\u0440\u044f\u0447\u043a\u0438:\", \"type\": \"text\"}, {\"marker\": null, \"type\": \"img\", \"id\": 33}]",
        "tags": [],
        "track": null,
        "user": 1,
        "published": true,
        "date_travel": "2014-09-30"
    },
    "model": "trip_journal_app.story",
    "pk": 8
},
{
    "fields": {
        "rating": [],
        "title": "\u041f\u043e\u0434\u043e\u0440\u043e\u0436 \u0437 \u0430\u043a\u0430\u0434\u0435\u043c\u0456\u0457 \u0434\u043e\u0434\u043e\u043c\u0443",
        "date_publish": "2014-09-30T16:47:28Z",
        "text": "[{\"marker\": null, \"content\": \"\u0426\u0435 \u043c\u0430\u043b\u0435\u043d\u044c\u043a\u0430 \u0456\u0441\u0442\u043e\u0440\u0456\u044f \u043f\u0440\u043e \u0442\u0435, \u044f\u043a \u044f \u043d\u0438\u043d\u0456 \u043f\u0456\u0448\u043a\u0438 \u043f\u0440\u0438\u0439\u0448\u043b\u0430 \u0437 \u0430\u043a\u0430\u0434\u0435\u043c\u0456\u0457 \u0434\u043e\u0434\u043e\u043c\u0443\", \"type\": \"text\"}, {\"marker\": null, \"content\": \"\u041f\u043e \u0434\u043e\u0440\u043e\u0437\u0456 \u0437\u0430\u0439\u0448\u043b\u0430 \u0432 \u041e\u0449\u0430\u0434\u0431\u0430\u043d\u043a, \u0430 \u0432\u0456\u043d \u0443\u0436\u0435 \u0437\u0430\u0447\u0438\u043d\u0438\u0432\u0441\u044f :(\", \"type\": \"text\"}]",
        "tags": [],
        "track": null,
        "user": 1,
        "published": false,
        "date_travel": "2014-09-30"
    },
    "model": "trip_journal_app.story",
    "pk": 9
},
{
    "fields": {
        "rating": [],
        "title": "\u0427\u043e\u0432\u043d\u0438\u043a",
        "date_publish": "2014-10-01T13:07:17Z",
        "text": "[{\"marker\": null, \"type\": \"img\", \"id\": 39}]",
        "tags": [],
        "track": null,
        "user": 1,
        "published": false,
        "date_travel": "2014-09-30"
    },
    "model": "trip_journal_app.story",
    "pk": 13
},
{
    "fields": {
        "rating": [],
        "title": "title",
        "date_publish": "2014-10-01T15:32:36Z",
        "text": "[{\"marker\": null, \"type\": \"img\", \"id\": 41}, {\"marker\": null, \"content\": \"hkhk\", \"type\": \"text\"}]",
        "tags": [],
        "track": null,
        "user": 1,
        "published": false,
        "date_travel": "2014-10-01"
    },
    "model": "trip_journal_app.story",
    "pk": 15
},
{
    "fields": {
        "rating": [],
        "title": "tr",
        "date_publish": "2014-10-01T15:33:59Z",
        "text": "[{\"marker\": null, \"content\": \"fsf\", \"type\": \"text\"}]",
        "tags": [],
        "track": null,
        "user": 1,
        "published": false,
        "date_travel": "2014-10-01"
    },
    "model": "trip_journal_app.story",
    "pk": 16
},
{
    "fields": {
        "rating": [],
        "title": "\u041f\u0435\u0440\u0448\u0430 \u043f\u043e\u0434\u043e\u0440\u043e\u0436 \u0431\u0430\u0439\u043a\u043e\u043c",
        "date_publish": "2014-10-02T10:45:36Z",
        "text": "[{\"marker\": null, \"content\": \"\u041c\u0440\u0456\u044f \u043f\u043e\u0434\u043e\u0440\u043e\u0436\u0443\u0432\u0430\u0442\u0438 \u043c\u043e\u0442\u043e\u0446\u0438\u043a\u043b\u043e\u043c \u0437\u2019\u044f\u0432\u0438\u043b\u0430\u0441\u044f \u0432\u0436\u0435 \u0434\u0430\u0432\u043d\u043e. \u041a\u043e\u0436\u043d\u043e\u0433\u043e \u0440\u0430\u0437\u0443 \u043f\u0435\u0440\u0435\u0433\u043b\u044f\u0434\u0430\u0432 \u0441\u0442\u0430\u0442\u0442\u0456 \u0437 \u043f\u043e\u0434\u043e\u0440\u043e\u0436\u0430\u043c\u0438 \u0431\u0443\u0432\u0430\u043b\u0438\u0445 \u0442\u0443\u0440\u0438\u0441\u0442\u0456\u0432 \u0447\u0438 \u043d\u043e\u0432\u0430\u0447\u043a\u0456\u0432, \u043f\u0435\u0440\u0435\u0447\u0438\u0442\u0443\u0432\u0430\u0432 \u0449\u043e \u0431\u0440\u0430\u0442\u0438 \u0437 \u0441\u043e\u0431\u043e\u044e. \u0406 \u043e\u0442 \u0437\u043d\u0430\u0439\u0448\u043b\u0438\u0441\u044f \u0432\u0438\u0445\u0456\u0434\u043d\u0456, \u043d\u0430 \u044f\u043a\u0438\u0445 \u0432\u0440\u0435\u0448\u0442\u0456 \u043c\u043e\u0436\u043d\u0430 \u0431\u0443\u043b\u043e \u0440\u0435\u0430\u043b\u0456\u0437\u0443\u0432\u0430\u0442\u0438 \u0442\u0430\u043a\u0443 \u043f\u043e\u0457\u0437\u0434\u043a\u0443. \u0407\u0445\u0430\u0432 \u0441\u0432\u043e\u0457\u043c \u043d\u043e\u0432\u0438\u043c \u043a\u043e\u043d\u0435\u043c \u043c\u0430\u0440\u043a\u0438 GEON INVADER150. \u041d\u0430 \u0434\u0435\u043d\u044c \u043f\u043e\u0457\u0437\u0434\u043a\u0438 \u043d\u0430\u043a\u0430\u0442\u0430\u0432 \u043f\u0440\u0438\u0431\u043b. 840 \u043a\u043c.\", \"type\": \"text\"}, {\"marker\": null, \"content\": \"\u0407\u0445\u0430\u0442\u0438 \u0445\u043e\u0442\u0456\u0432 \u0437 \u043a\u043e\u043b\u0435\u0433\u043e\u044e \u0421\u0430\u0448\u0435\u044e, \u0432 \u043d\u0435\u0457 \u043c\u043e\u0442\u043e\u0446\u0438\u043a\u043b YAMAHA YBR 125. \u041d\u0430\u0448\u0456 \u043c\u043e\u0442\u043e\u0446\u0438\u043a\u043b\u0438 \u043c\u0430\u0439\u0436\u0435 \u043e\u0434\u043d\u0430\u043a\u043e\u0432\u043e\u0457 \u043a\u0443\u0431\u0430\u0442\u0443\u0440\u0438, \u0442\u043e\u043c\u0443 \u0432\u0438\u0440\u0456\u0448\u0438\u043b\u0438 \u0457\u0445\u0430\u0442\u0438 \u0432\u0434\u0432\u043e\u0445. \u0422\u0438\u0436\u0434\u0435\u043d\u044c \u043f\u0435\u0440\u0435\u0434 \u043f\u043e\u0457\u0437\u0434\u043a\u043e\u044e \u0431\u0443\u0432 \u0442\u0438\u0436\u043d\u0435\u043c \u043f\u0456\u0434\u0433\u043e\u0442\u043e\u0432\u043a\u0438 \u0432\u0441\u0456\u0445 \u043d\u0435\u043e\u0431\u0445\u0456\u0434\u043d\u0438\u0445 \u0440\u0435\u0447\u0435\u0439, \u043c\u043e\u0442\u043e\u0446\u0438\u043a\u043b\u0456\u0432, \u0432\u0438\u0437\u043d\u0430\u0447\u0435\u043d\u043d\u044f \u043c\u0430\u0440\u0448\u0440\u0443\u0442\u0443 \u0437 \u0440\u043e\u0437\u0434\u0440\u0443\u043a\u0456\u0432\u043a\u043e\u044e \u043a\u0430\u0440\u0442. \u0414\u0416\u041f\u0421\u0430 \u043d\u0456\u0445\u0442\u043e \u0437 \u043d\u0430\u0441 \u043d\u0435 \u043c\u0430\u0432, \u0442\u043e\u043c\u0443 \u0437\u0430\u043b\u0438\u0448\u0438\u0432\u0441\u044f \u043a\u043b\u0430\u0441\u0438\u0447\u043d\u0438\u0439 \u0432\u0430\u0440\u0456\u0430\u043d\u0442 \u2013 \u043a\u0430\u0440\u0442\u0430. \u0417\u0443\u0441\u0442\u0440\u0456\u043b\u0438\u0441\u044c, \u043d\u0430\u0432\u0456\u0442\u044c \u043e\u0431\u0433\u043e\u0432\u043e\u0440\u0438\u043b\u0438 \u043c\u0435\u043d\u044e \u0432 \u0434\u043e\u0440\u043e\u0433\u0443.\", \"type\": \"text\"}, {\"marker\": null, \"content\": \"\u0412\u0438\u0440\u0456\u0448\u0438\u043b\u0438 \u0437\u0440\u043e\u0431\u0438\u0442\u0438 \u0441\u043e\u0431\u0456 \u043d\u0435 \u0434\u0443\u0436\u0435 \u0432\u0435\u043b\u0438\u043a\u0438\u0439 \u043c\u0430\u0440\u0448\u0440\u0443\u0442, \u0449\u043e\u0431 \u0432\u0441\u0442\u0438\u0433\u043d\u0443\u0442\u0438 \u043f\u043e\u0434\u0438\u0432\u0438\u0442\u0438\u0441\u044c \u043d\u0430 \u0432\u0441\u0435 \u0437\u0430\u043f\u043b\u0430\u043d\u043e\u0432\u0430\u043d\u0435 \u0437\u0430 \u0434\u0432\u0430 \u0434\u043d\u0456 \u0437 \u0437\u0430\u043f\u0430\u0441\u043e\u043c \u0447\u0430\u0441\u0443. \u041c\u0430\u0440\u0448\u0440\u0443\u0442 \u0432\u0438\u0439\u0448\u043e\u0432 \u0442\u0430\u043a\u0438\u0439: \u041b\u044c\u0432\u0456\u0432 \u2013 \u0432\u043e\u0434\u043e\u0441\u043f\u0430\u0434 \u0428\u0438\u043f\u0456\u0442 \u2013 \u043e\u0437\u0435\u0440\u043e \u0421\u0438\u043d\u0435\u0432\u0438\u0440 \u2013 \u041b\u044c\u0432\u0456\u0432.\", \"type\": \"text\"}, {\"marker\": null, \"content\": \"\u041a\u043e\u0444\u0440\u0456\u0432 \u0447\u0438 \u0431\u0430\u0433\u0430\u0436\u043d\u0438\u043a\u0430 \u043c\u0456\u0439 \u043a\u0456\u043d\u044c \u0449\u0435 \u043d\u0435 \u043c\u0430\u0454, \u0442\u043e\u043c\u0443 \u0434\u043b\u044f \u043f\u043e\u0457\u0437\u0434\u043a\u0438 \u0434\u0440\u0443\u0433 \u041f\u0435\u0442\u0440\u043e \u043f\u043e\u0437\u0438\u0447\u0438\u0432 \u043c\u0435\u043d\u0456 \u0441\u0432\u0456\u0439 \u043f\u043e\u0445\u0456\u0434\u043d\u0438\u0439 \u043d\u0430\u043f\u043b\u0456\u0447\u043d\u0438\u043a.\", \"type\": \"text\"}, {\"marker\": null, \"type\": \"img\", \"id\": 42}, {\"marker\": null, \"content\": \"\u0412 \u0434\u0435\u043d\u044c \u0432\u0438\u0457\u0437\u0434\u0443 \u0441\u0442\u0430\u043b\u0430\u0441\u044f \u0442\u0430\u043a\u0430 \u0445\u0430\u043b\u0435\u043f\u0430: \u043c\u043e\u044f \u043a\u043e\u043c\u043f\u0430\u043d\u044c\u0439\u043e\u043d \u043d\u0435 \u043c\u043e\u0433\u043b\u0430 \u0457\u0445\u0430\u0442\u0438, \u0431\u043e \u043d\u0435 \u043c\u0430\u043b\u0430 \u0434\u0435 \u0437\u0430\u043b\u0438\u0448\u0438\u0442\u0438 \u0441\u0432\u043e\u0433\u043e \u0434\u043e\u043c\u0430\u0448\u043d\u044c\u043e\u0433\u043e \u0443\u043b\u044e\u0431\u043b\u0435\u043d\u0446\u044f ... \u0412\u0438\u0440\u0456\u0448\u0438\u0432 \u0457\u0445\u0430\u0442\u0438 \u0441\u0430\u043c\u043e\u0441\u0442\u0456\u0439\u043d\u043e, \u0442\u0430\u043a \u044f\u043a \u0432\u0456\u0434\u043a\u043b\u0430\u0434\u0430\u0442\u0438 \u0431\u0443\u043b\u043e \u043d\u0456\u043a\u0443\u0434\u0438, \u0449\u0435 \u0439 \u0432\u0438\u0442\u0440\u0430\u0447\u0435\u043d\u043e \u0431\u0430\u0433\u0430\u0442\u043e \u0447\u0430\u0441\u0443 \u043d\u0430 \u043f\u0456\u0434\u0433\u043e\u0442\u043e\u0432\u043a\u0443, \u0430 \u0432 \u0434\u043e\u0440\u043e\u0437\u0456 \u0449\u0435 \u044f\u043a\u0456\u0441\u044c \u043b\u044e\u0434\u0438 \u0432 \u0431\u0443\u0434\u044c-\u044f\u043a\u043e\u043c\u0443 \u0432\u0438\u043f\u0430\u0434\u043a\u0443 \u0437\u0443\u0441\u0442\u0440\u0456\u043d\u0443\u0442\u044c\u0441\u044f.\", \"type\": \"text\"}, {\"marker\": null, \"type\": \"img\", \"id\": 43}, {\"marker\": null, \"content\": \"\u0412 \u043f\u2019\u044f\u0442\u043d\u0438\u0446\u044e 01.08 \u043f\u0456\u0441\u043b\u044f \u0440\u043e\u0431\u043e\u0447\u043e\u0433\u043e \u0434\u043d\u044f \u043f\u0440\u0438\u0431\u0443\u0432 \u0434\u043e\u0434\u043e\u043c\u0443 \u0456 \u043f\u043e\u0447\u0430\u0432 \u0437\u0431\u0438\u0440\u0430\u0442\u0438\u0441\u044c. \u0422\u043e\u0447\u043d\u0456\u0448\u0435 \u0432\u0441\u0435 \u0431\u0443\u043b\u043e \u0433\u043e\u0442\u043e\u0432\u0435, \u0437\u0430\u043b\u0438\u0448\u0438\u043b\u043e\u0441\u044c \u043d\u0430\u043a\u0438\u043d\u0443\u0442\u0438 \u043d\u0430 \u0441\u0435\u0431\u0435 \u0456 \u0432\u0438\u0440\u0443\u0448\u0430\u0442\u0438. \u0425\u043e\u0440\u043e\u0448\u0438\u0439 \u0434\u0440\u0443\u0433 \u0410\u043d\u0434\u0440\u0456\u0439 \u0449\u0435 \u0434\u043e\u043f\u043e\u043c\u0456\u0433 \u043c\u0435\u043d\u0456 \u0432\u0438\u0442\u044f\u0433\u043d\u0443\u0442\u0438 \u0437 \u0440\u044e\u043a\u0437\u0430\u043a\u0430 \u0437\u0430\u0439\u0432\u0456 \u0440\u0435\u0447\u0456, \u044f\u043a\u0456 \u0431\u0443\u043b\u0438 \u0432\u0437\u044f\u0442\u0456 \u043d\u0430 \u0431\u043e\u0440\u0442 \u0437 \u0440\u043e\u0437\u0440\u0430\u0445\u0443\u043d\u043a\u0443 \u043d\u0430 \u0434\u0432\u043e\u0445 \u0456 \u043f\u043e\u043c\u0456\u043d\u044f\u0442\u0438 \u043c\u0430\u0441\u043b\u043e \u043f\u0435\u0440\u0435\u0434 \u043f\u043e\u0457\u0437\u0434\u043a\u043e\u044e. \u0422\u0440\u043e\u0445\u0438 \u0437\u043c\u0456\u043d\u0438\u0432 \u0440\u0430\u043d\u0456\u0448\u0435 \u043d\u0430\u043c\u0456\u0447\u0435\u043d\u0438\u0439 \u043c\u0430\u0440\u0448\u0440\u0443\u0442. \u041b\u044c\u0432\u0456\u0432 \u2013 \u0422\u0443\u0441\u0442\u0430\u043d\u044c \u2013 \u0432\u043e\u0434\u043e\u0441\u043f\u0430\u0434 \u0428\u0438\u043f\u0456\u0442 \u2013 \u043e\u0437\u0435\u0440\u043e \u0421\u0438\u043d\u0435\u0432\u0438\u0440 \u2013 \u041b\u044c\u0432\u0456\u0432. \u0412\u0438\u0440\u0456\u0448\u0438\u0432 \u0449\u0435 \u0437\u0430\u0457\u0445\u0430\u0442\u0438 \u043d\u0430 \u0422\u0443\u0441\u0442\u0430\u043d\u044c, \u0442\u0443\u0434\u0438 \u0456 \u0431\u043b\u0438\u0436\u0447\u0435 \u0456 \u043d\u0435 \u0445\u043e\u0442\u0456\u043b\u043e\u0441\u044f \u0457\u0445\u0430\u0442\u0438 \u0432\u043d\u043e\u0447\u0456.\", \"type\": \"text\"}, {\"marker\": null, \"type\": \"img\", \"id\": 44}, {\"marker\": null, \"content\": \"\u041e 19:00 \u0433\u043e\u0434 \u044f \u0432\u0438\u0440\u0443\u0448\u0438\u0432 \u0437\u0456 \u041b\u044c\u0432\u043e\u0432\u0430. \u041f\u043e\u0433\u043e\u0434\u0430 \u0431\u0443\u043b\u0430 \u0441\u043e\u043d\u044f\u0447\u043d\u0430, \u0434\u043e\u0440\u043e\u0433\u0430 \u0434\u0443\u0436\u0435 \u0445\u043e\u0440\u043e\u0448\u0430. \u0414\u043e \u043d\u0430\u0441\u0442\u0430\u043d\u043d\u044f \u0442\u0435\u043c\u0440\u044f\u0432\u0438 \u0445\u043e\u0442\u0456\u0432 \u0432\u0436\u0435 \u0434\u043e\u0457\u0445\u0430\u0442\u0438 \u0434\u043e \u043f\u0435\u0440\u0448\u043e\u0457 \u0442\u043e\u0447\u043a\u0438 \u043c\u0430\u0440\u0448\u0440\u0443\u0442\u0443. \u041f\u043e\u0457\u0437\u0434\u043a\u0430 \u043f\u0440\u0438\u043d\u043e\u0441\u0438\u0442\u044c \u043c\u0430\u0441\u0443 \u0437\u0430\u0434\u043e\u0432\u043e\u043b\u0435\u043d\u043d\u044f, \u043f\u0440\u043e\u0441\u0442\u043e \u043d\u0435 \u043f\u0435\u0440\u0435\u0434\u0430\u0442\u0438 \u0441\u043b\u043e\u0432\u0430\u043c\u0438, \u043a\u043e\u043b\u0438 \u043b\u0435\u0442\u0438\u0448 \u043d\u0430 \u0434\u0432\u043e\u0445 \u043a\u043e\u043b\u0435\u0441\u0430\u0445, \u0440\u043e\u0437\u0433\u043b\u044f\u0434\u0430\u0454\u0448 \u043a\u0440\u0430\u0454\u0432\u0438\u0434\u0438, \u043e\u0431\u0434\u0443\u0432\u0430\u0454 \u0432\u0456\u0442\u0435\u0440\u0435\u0446\u044c ... \u0412\u0441\u0456\u043c, \u0445\u0442\u043e \u0445\u043e\u0447\u0435 \u043d\u0430\u0432\u0430\u0436\u0438\u0442\u0438\u0441\u044c \u043d\u0430 \u0442\u0430\u043a\u0443 \u043f\u043e\u0457\u0437\u0434\u043a\u0443, \u0414\u0423\u0416\u0415 \u0440\u0435\u043a\u043e\u043c\u0435\u043d\u0434\u0443\u044e, \u043e\u0442\u0440\u0438\u043c\u0430\u0454\u0442\u0435 \u043c\u0430\u0441\u0443 \u043f\u043e\u0437\u0438\u0442\u0438\u0432\u043d\u0438\u0445 \u0432\u0440\u0430\u0436\u0435\u043d\u044c \u0456 \u0437\u0430\u0434\u043e\u0432\u043e\u043b\u0435\u043d\u043d\u044f. \u0410 \u044f\u043a\u0449\u043e \u043d\u0430\u0437\u0431\u0438\u0440\u0430\u0454\u0442\u044c\u0441\u044f \u043a\u043e\u043c\u043f\u0430\u043d\u0456\u044f, \u0442\u043e \u043f\u043e\u0437\u0438\u0442\u0438\u0432\u0443 \u0431\u0443\u0434\u0435 \u0449\u0435 \u0431\u0456\u043b\u044c\u0448\u0435! \u041f\u043e \u0434\u043e\u0440\u043e\u0437\u0456 \u0437\u0443\u0441\u0442\u0440\u0456\u0447\u0430\u0432 \u0434\u043e\u0432\u043e\u043b\u0456 \u0431\u0430\u0433\u0430\u0442\u043e \u043f\u043e\u0434\u043e\u0440\u043e\u0436\u0443\u044e\u0447\u0438\u0445 \u043d\u0430 \u043c\u043e\u0442\u043e\u0446\u0438\u043a\u043b\u0430\u0445. \u041a\u0456\u043b\u044c\u043a\u0430 \u0440\u0430\u0437\u0456\u0432 \u0437\u0443\u043f\u0438\u043d\u044f\u0432\u0441\u044f, \u0437\u0440\u043e\u0431\u0438\u0442\u0438 \u0444\u043e\u0442\u043e. \u041a\u043e\u043b\u0438 \u0437\u0430\u0457\u0436\u0434\u0436\u0430\u0432 \u0443 \u0412\u0435\u0440\u0445\u043d\u0454 \u0421\u0438\u043d\u044c\u043e\u0432\u0438\u0434\u043d\u0435 \u0432\u0436\u0435 \u043f\u043e\u0447\u0438\u043d\u0430\u043b\u043e \u0442\u0435\u043c\u043d\u0456\u0442\u0438, \u0430 \u043d\u0430 \u0432\u0456\u0434\u0440\u0456\u0437\u043a\u0443 \u0434\u043e\u0440\u043e\u0433\u0438 \u041a\u043e\u0440\u0447\u0438\u043d-\u0422\u0443\u0441\u0442\u0430\u043d\u044c \u0437\u043d\u0430\u0447\u043d\u043e \u043f\u043e\u0433\u0456\u0440\u0448\u0430\u043b\u043e \u043f\u043e\u043a\u0440\u0438\u0442\u0442\u044f \u0434\u043e\u0440\u043e\u0433\u0438.\", \"type\": \"text\"}, {\"marker\": null, \"type\": \"img\", \"id\": 45}, {\"marker\": null, \"content\": \"\u0422\u0443\u0441\u0442\u0430\u043d\u044c.\", \"type\": \"text\"}, {\"marker\": null, \"type\": \"img\", \"id\": 46}, {\"marker\": null, \"content\": \"\u0417\u0440\u0430\u043d\u043a\u0443 \u043f\u0456\u0434\u043d\u044f\u0432\u0448\u0438\u0441\u044c \u044f \u0432 \u043f\u0435\u0440\u0448\u0443 \u0447\u0435\u0440\u0433\u0443 \u043f\u0456\u0448\u043e\u0432 \u0434\u043e \u0448\u043b\u0430\u0433\u0431\u0430\u0443\u043c\u0443 \u0456 \u043f\u043e\u043f\u0440\u043e\u0441\u0438\u0432, \u0449\u043e\u0431 \u043e\u0445\u043e\u0440\u043e\u043d\u0430 \u0434\u043e\u0437\u0432\u043e\u043b\u0438\u043b\u0430 \u043f\u043e\u0441\u0442\u0430\u0432\u0438\u0442\u0438 \u043c\u043e\u0442\u043e\u0446\u0438\u043a\u043b \u0431\u0456\u043b\u044f \u043f\u0430\u043b\u0430\u0442\u043a\u0438. \u0422\u0440\u0430\u043d\u0441\u043f\u043e\u0440\u0442 \u0437 \u043a\u043e\u0436\u043d\u043e\u044e \u0433\u043e\u0434\u0438\u043d\u043e\u044e \u043f\u0440\u0438\u0431\u0443\u0432\u0430\u0432. \u0424\u0435\u0441\u0442\u0438\u0432\u0430\u043b\u044c \u0446\u044c\u043e\u0433\u043e \u0440\u043e\u043a\u0443 \u0431\u0443\u0432 \u0431\u0435\u0437 \u043c\u0443\u0437\u0438\u0447\u043d\u043e\u0457 \u043f\u0440\u043e\u0433\u0440\u0430\u043c\u0438 \u0443 \u0437\u0432\u2019\u044f\u0437\u043a\u0443 \u0437 \u0432\u0456\u0439\u0441\u044c\u043a\u043e\u0432\u0438\u043c\u0438 \u0434\u0456\u044f\u043c\u0438 \u043d\u0430 \u0441\u0445\u043e\u0434\u0456 \u0423\u043a\u0440\u0430\u0457\u043d\u0438. \u0417\u0430\u043b\u0438\u0448\u0438\u043b\u0438\u0441\u044c \u044f\u0440\u043c\u0430\u0440\u043e\u043a, \u044f\u043a\u0438\u0439 \u0431\u0443\u0432 \u0431\u0456\u043b\u044c\u0448\u0438\u043c, \u043d\u0456\u0436 \u043c\u0438\u043d\u0443\u043b\u043e\u0440\u0456\u0447\u043d\u0438\u0439, \u0440\u0438\u0446\u0430\u0440\u0441\u044c\u043a\u0456 \u0431\u043e\u0457, \u043a\u0430\u0442\u0430\u043f\u0443\u043b\u044c\u0442\u0430 \u0456 \u0449\u0435 \u0431\u0430\u0433\u0430\u0442\u043e \u0432\u0441\u044c\u043e\u0433\u043e. \u041d\u0430 \u044f\u0440\u043c\u0430\u0440\u043a\u0443 \u043a\u0443\u043f\u0438\u0432 \u0441\u043e\u0431\u0456 \u0444\u0430\u0439\u043d\u043e\u0433\u043e \u043a\u0430\u043f\u0435\u043b\u044e\u0445\u0430.\", \"type\": \"text\"}, {\"marker\": null, \"type\": \"img\", \"id\": 48}, {\"marker\": null, \"content\": \"\u042f \u0432\u0438\u0440\u0456\u0448\u0438\u0432 \u043d\u0430 \u0444\u0435\u0441\u0442\u0438\u0432\u0430\u043b\u0456 \u043d\u0435 \u0437\u0430\u0442\u0440\u0438\u043c\u0443\u0432\u0430\u0442\u0438\u0441\u044f, \u0431\u043e \u043f\u043e\u043f\u0435\u0440\u0435\u0434\u0443 \u0449\u0435 \u0437\u0430\u043b\u0438\u0448\u0438\u0432\u0441\u044f \u0447\u0438\u043c\u0430\u043b\u0438\u0439 \u0448\u043c\u0430\u0442\u043e\u043a \u043c\u0430\u0440\u0448\u0440\u0443\u0442\u0443. \u0410\u043b\u0435 \u043e\u0431\u043e\u0432\u2019\u044f\u0437\u043a\u043e\u0432\u043e \u0449\u0435 \u0442\u0440\u0435\u0431\u0430 \u0431\u0443\u043b\u043e \u043f\u0456\u0434\u043d\u044f\u0442\u0438\u0441\u044f \u043d\u0430 \u0441\u043a\u0435\u043b\u0456, \u0437 \u044f\u043a\u0438\u0445 \u0432\u0456\u0434\u043a\u0440\u0438\u0432\u0430\u0454\u0442\u044c\u0441\u044f \u0447\u0443\u0434\u043e\u0432\u0438\u0439 \u043a\u0440\u0430\u0454\u0432\u0438\u0434 \u043d\u0430 \u0433\u043e\u0440\u0438 \u0456 \u043d\u0430 \u0422\u0443\u0441\u0442\u0430\u043d\u0441\u044c\u043a\u0443 \u0444\u043e\u0440\u0442\u0435\u0446\u044e.\", \"type\": \"text\"}, {\"marker\": null, \"content\": \"\u0417\u0431\u0438\u0440\u0430\u044e\u0447\u0438\u0441\u044c \u0432 \u0434\u043e\u0440\u043e\u0433\u0443 \u043f\u043e\u0437\u043d\u0430\u0439\u043e\u043c\u0438\u0432\u0441\u044f \u0437 \u043c\u043e\u0442\u043e\u0446\u0438\u043a\u043b\u0456\u0441\u0442\u043e\u043c \u0420\u043e\u043c\u0430\u043d\u043e\u043c, \u044f\u043a\u0438\u0439 \u043f\u0440\u0438\u0457\u0445\u0430\u0432 \u0437 \u0434\u0456\u0432\u0447\u0438\u043d\u043e\u044e \u0433\u043b\u044f\u043d\u0443\u0442\u0438 \u043d\u0430 \u0444\u0435\u0441\u0442\u0438\u0432\u0430\u043b\u044c \u0432 \u0422\u0443\u0441\u0442\u0430\u043d\u0456. \u041c\u0438 \u0432\u0438\u0440\u0456\u0448\u0438\u043b\u0438 \u0440\u0430\u0437\u043e\u043c \u043f\u0435\u0440\u0435\u0457\u0445\u0430\u0442\u0438 \u0447\u0430\u0441\u0442\u0438\u043d\u0443 \u0434\u043e\u0440\u043e\u0433\u0438 \u0434\u043e \u0421\u043a\u043e\u043b\u0435.\", \"type\": \"text\"}, {\"marker\": null, \"type\": \"img\", \"id\": 53}, {\"marker\": null, \"content\": \"\u0414\u0430\u043b\u0456 \u043c\u0435\u043d\u0435 \u0447\u0435\u043a\u0430\u0432 \u0448\u043b\u044f\u0445 \u0434\u043e \u0432\u043e\u0434\u043e\u0441\u043f\u0430\u0434\u0443 \u0428\u0438\u043f\u0456\u0442. \u0427\u0438\u043c \u0434\u0430\u043b\u0456, \u0442\u0438\u043c \u0433\u043e\u0440\u0438 \u0441\u0442\u0430\u0432\u0430\u043b\u0438 \u0432\u0438\u0449\u0438\u043c\u0438, \u043a\u0440\u0443\u0442\u0456\u0448\u0438\u043c\u0438, \u043f\u043e\u0432\u0456\u0442\u0440\u044f \u0445\u043e\u043b\u043e\u0434\u043d\u0456\u0448\u0430\u043b\u043e. \u0412 \u041a\u0430\u0440\u043f\u0430\u0442\u0430\u0445 \u0432\u0437\u0430\u0433\u0430\u043b\u0456 \u043e\u0441\u043e\u0431\u043b\u0438\u0432\u0438\u0439 \u043a\u043b\u0456\u043c\u0430\u0442. \u041a\u043e\u043b\u0438 \u0432\u0438\u0457\u0445\u0430\u0432 \u0437 \u0422\u0443\u0441\u0442\u0430\u043d\u0456, \u0442\u043e \u0431\u0443\u043b\u043e \u0434\u0443\u0436\u0435 \u0441\u043f\u0435\u043a\u043e\u0442\u043d\u043e, \u0430 \u0432\u0436\u0435 \u0443 \u041d\u0438\u0436\u043d\u0456\u0445 \u0412\u043e\u0440\u043e\u0442\u0430\u0445 \u043c\u0435\u043d\u0435 \u0437\u0430\u0441\u0442\u0430\u043b\u0430 \u0441\u0438\u043b\u044c\u043d\u0430 \u0433\u0440\u043e\u0437\u0430. \u041f\u0435\u0440\u0435\u0447\u0435\u043a\u0430\u0432 \u043f\u043e\u043a\u0438 \u0432\u0449\u0443\u0445\u043d\u0435 \u0442\u0440\u043e\u0445\u0438 \u0434\u043e\u0449 \u0443 \u043a\u0440\u0430\u043c\u043d\u0438\u0446\u0456 \u0437 \u043a\u0430\u0440\u043f\u0430\u0442\u0441\u044c\u043a\u0438\u043c\u0438 c\u0443\u0432\u0435\u043d\u0456\u0440\u0430\u043c\u0438.\", \"type\": \"text\"}, {\"marker\": null, \"type\": \"img\", \"id\": 55}, {\"marker\": null, \"content\": \"\u041f\u0435\u0440\u0435\u0457\u0445\u0430\u0432\u0448\u0438 \u0412\u043e\u043b\u043e\u0432\u0435\u0446\u044c \u043f\u043e\u0447\u0430\u0432 \u043f\u0438\u0442\u0430\u0442\u0438 \u043b\u044e\u0434\u0435\u0439 \u044f\u043a \u043f\u0440\u043e\u0457\u0445\u0430\u0442\u0438 \u0434\u043e \u0432\u043e\u0434\u043e\u0441\u043f\u0430\u0434\u0443. \u0422\u0440\u043e\u0445\u0438 \u0437\u0430\u0434\u0430\u043b\u0435\u043a\u043e \u0437\u0430\u0457\u0445\u0430\u0432, \u043f\u043b\u044e\u0441 \u0449\u0435 \u0441\u0442\u0430\u043b\u0430\u0441\u044f \u043d\u0435\u043f\u0440\u0438\u0454\u043c\u043d\u0430 \u043f\u0440\u0438\u0433\u043e\u0434\u0430 - \u0432 \u0441. \u041f\u0438\u043b\u0438\u043f\u0435\u0446\u044c \u044f \u0432\u043f\u0430\u0432. \u0417\u0430\u0448\u0432\u0438\u0434\u043a\u043e \u0457\u0445\u0430\u0432, \u0430 \u0441\u0456\u043b\u044c\u0441\u044c\u043a\u0430 \u0434\u043e\u0440\u043e\u0433\u0430 \u0432\u0441\u044f \u0432 \u044f\u043c\u0430\u0445 \u044f\u043a\u0456 \u0437\u0430\u043f\u043e\u0432\u043d\u0435\u043d\u0456 \u043a\u0430\u043b\u044e\u0436\u0430\u043c\u0438. \u041f\u043e\u0447\u0430\u0432 \u0433\u0430\u043b\u044c\u043c\u0443\u0432\u0430\u0442\u0438 \u0456 \u043f\u043e\u0441\u043b\u0438\u0437\u043d\u0443\u0432\u0441\u044f \u043f\u0435\u0440\u0435\u0434\u043d\u0456\u043c \u043a\u043e\u043b\u0435\u0441\u043e\u043c \u043d\u0430 \u0431\u043e\u043b\u043e\u0442\u0456. \u0414\u043e\u0431\u0440\u0456 \u043b\u044e\u0434\u0438 \u043f\u0456\u0434\u0431\u0456\u0433\u043b\u0438 \u043f\u0438\u0442\u0430\u0442\u0438 \u0447\u0438 \u0432\u0441\u0435 \u0434\u043e\u0431\u0440\u0435. \u041d\u0430 \u0449\u0430\u0441\u0442\u044f \u043d\u0456\u0447\u043e\u0433\u043e \u043d\u0435 \u0441\u0442\u0430\u043b\u043e\u0441\u044f, \u0442\u0456\u043b\u044c\u043a\u0438 \u044f \u0432 \u0431\u043e\u043b\u043e\u0442\u0456 \u0432\u0438\u0432\u0430\u043b\u044f\u0432\u0441\u044f \\n\u0456 \u0432\u0456\u0434\u0456\u0433\u043d\u0443\u043b\u043e\u0441\u044f \u0434\u0437\u0435\u0440\u043a\u0430\u043b\u043e. \u0414\u0430\u043b\u0456 \u0441\u043f\u0438\u0442\u0430\u0432 \u0434\u043e\u0440\u043e\u0433\u0443 \u0434\u043e \u0428\u0438\u043f\u043e\u0442\u0430, \u0437\u0430\u043b\u0438\u0448\u0430\u043b\u043e\u0441\u044c \u0449\u0435 \u043f\u0440\u0438\u0431\u043b. 6 \u043a\u043c. \u0406 \u0437\u043d\u043e\u0432\u0443 \u0436 \u0442\u0430\u043a\u0438, \u0449\u043e \u0440\u0430\u0437 \u0431\u0456\u043b\u044c\u0448\u0435 \u0432\u0438\u0432\u0456\u0441\u043e\u043a \u043f\u0440\u043e \u043e\u0440\u0435\u043d\u0434\u0443 \u043a\u0456\u043c\u043d\u0430\u0442, \u0431\u0443\u0434\u0438\u043d\u043a\u0456\u0432 \u0434\u043b\u044f \u0432\u0456\u0434\u043f\u043e\u0447\u0438\u0432\u0430\u044e\u0447\u0438\u0445.\", \"type\": \"text\"}]",
        "tags": [],
        "track": null,
        "user": 3,
        "published": true,
        "date_travel": "2014-10-02"
    },
    "model": "trip_journal_app.story",
    "pk": 17
},
{
    "fields": {
        "rating": [],
        "title": "\u041c\u0430\u043d\u0434\u0440\u0456\u0432\u043a\u0430 \u043d\u0430 \u0433\u043e\u0440\u0443 \u041a\u0456\u043d\u0434\u0440\u0430\u0442 (1155 \u043c.) ",
        "date_publish": "2014-10-02T11:02:53Z",
        "text": "[{\"marker\": null, \"content\": \"\u0417\u0438\u043c\u0430 - \u0433\u0430\u0440\u043d\u0438\u0439 \u0447\u0430\u0441 \u0434\u043b\u044f \u0442\u043e\u0433\u043e, \u0430\u0431\u0438 \u0432\u0442\u043e\u043f\u0442\u0443\u0432\u0430\u0442\u0438 \u043d\u043e\u0432\u0456 \u0430\u0431\u043e \u043c\u0430\u0439\u0436\u0435 \u0437\u0430\u0431\u0443\u0442\u0456 \u0441\u0442\u0430\u0440\u0456 \u043c\u0430\u0440\u0448\u0440\u0443\u0442\u0438. \u041c\u0443\u0448\u0443 \u0437\u0430\u0437\u043d\u0430\u0447\u0438\u0442\u0438, \u0449\u043e \u043e\u0434\u043d\u043e\u0434\u0435\u043d\u043d\u0456 \u0442\u0430 \u0434\u0432\u043e\u0434\u0435\u043d\u043d\u0456 \u043c\u0430\u0440\u0448\u0440\u0443\u0442\u0438 \u043c\u0435\u043d\u0456 \u0456\u043c\u043f\u043e\u043d\u0443\u044e\u0442\u044c \u043d\u0430\u0439\u0431\u0456\u043b\u044c\u0448\u0435, \u043e\u0441\u043a\u0456\u043b\u044c\u043a\u0438 \u0434\u043e\u043f\u043e\u043c\u0430\u0433\u0430\u044e\u0442\u044c \u0441\u0438\u0441\u0442\u0435\u043c\u0430\u0442\u0438\u0447\u043d\u043e \u0432\u0438\u0431\u0438\u0440\u0430\u0442\u0438\u0441\u044c \u0432 \u0433\u043e\u0440\u0438, \u0430 \u043d\u0435 \u0442\u0456\u043b\u044c\u043a\u0438 \u043f\u0456\u0434 \u0447\u0430\u0441 \u0432\u0456\u0434\u043f\u0443\u0441\u0442\u043a\u0438, \u0437\u0432\u0438\u0447\u0430\u0439\u043d\u043e, \u044f\u043a\u0449\u043e \u043c\u0430\u043d\u0434\u0440\u0456\u0432\u043d\u0438\u0446\u0442\u0432\u043e \u043d\u0435 \u0454 \u0434\u043b\u044f \u0432\u0430\u0441 \u043f\u0440\u043e\u0444\u0435\u0441\u0456\u0454\u044e. <br>\", \"type\": \"text\"}, {\"marker\": null, \"content\": \"\u0417\u0430\u043f\u043b\u0430\u043d\u043e\u0432\u0430\u043d\u0430 \u043d\u0438\u0442\u043a\u0430 \u043c\u0430\u0440\u0448\u0440\u0443\u0442\u0443 \u0432\u0438\u0433\u043b\u044f\u0434\u0430\u043b\u0430 \u0442\u0430\u043a: <br>\", \"type\": \"text\"}, {\"marker\": null, \"type\": \"img\", \"id\": 56}, {\"marker\": null, \"content\": \"\u0414\u043e \u0432\u0438\u0445\u0456\u0434\u043d\u043e\u0457 \u0442\u043e\u0447\u043a\u0438, \u0441\u0442\u0430\u043d\u0446\u0456\u0457 \u0432 \u0441. \u0422\u0443\u0445\u043b\u044f \u0434\u043e\u0431\u0438\u0440\u0430\u043b\u0438\u0441\u044c \u0456\u0437 \u041b\u044c\u0432\u043e\u0432\u0430, \u0435\u043b\u0435\u043a\u0442\u0440\u0438\u0447\u043a\u043e\u044e \u041b\u044c\u0432\u0456\u0432-\u041b\u0430\u0432\u043e\u0447\u043d\u0435. \u0422\u0430\u043a\u043e\u0436 \u0434\u043e\u0431\u0438\u0440\u0430\u0442\u0438\u0441\u044c \u043c\u043e\u0436\u043d\u0430 \u0435\u043b\u0435\u043a\u0442\u0440\u0438\u0447\u043a\u043e\u044e \u0456\u0437 \u0441\u0442\u0430\u0442\u0443\u0441\u043e\u043c \u043f\u043e\u0457\u0437\u0434\u0430 \u041b\u044c\u0432\u0456\u0432-\u041c\u0443\u043a\u0430\u0447\u0435\u0432\u0435 \u0430\u0431\u043e \u043c\u0430\u0440\u0448\u0440\u0443\u0442\u043a\u0430\u043c\u0438, \u044f\u043a\u0456 \u043f\u0440\u044f\u043c\u0443\u044e\u0442\u044c \u043d\u0430 \u0421\u043b\u0430\u0432\u0441\u044c\u043a\u0435, \u0412\u043e\u043b\u043e\u0441\u044f\u043d\u043a\u0443 \u0447\u0438 \u0425\u0430\u0449\u043e\u0432\u0430\u043d\u0435. \u0412 \u043d\u0430\u0441 \u0443 \u041b\u044c\u0432\u043e\u0432\u0456 \u0446\u0456 \u043c\u0430\u0440\u0448\u0440\u0443\u0442\u043a\u0438 \u0432\u0456\u0434\u043f\u0440\u0430\u0432\u043b\u044f\u044e\u0442\u044c\u0441\u044f \u0437 \u0410\u0421-8, \u0449\u043e \u043d\u0430 \u0413\u043e\u043b\u043e\u0432\u043d\u043e\u043c\u0443 \u0437\u0430\u043b\u0456\u0437\u043d\u0438\u0447\u043d\u043e\u043c\u0443 \u0432\u043e\u043a\u0437\u0430\u043b\u0456, \u043f\u0440\u043e\u0442\u0435 \u0457\u0437\u0434\u044f\u0442\u044c \u0432\u043e\u043d\u0438 \u0434\u043e\u0441\u0438\u0442\u044c \u0440\u0456\u0434\u043a\u043e, \u0456 \u0437\u0430 \u0441\u0432\u043e\u0457\u043c \\\"\u043d\u0456\u043a\u043e\u043c\u043e \u043d\u0435\u0432\u0456\u0434\u043e\u043c\u0438\u043c\\\" \u0433\u0440\u0430\u0444\u0456\u043a\u043e\u043c :)\", \"type\": \"text\"}, {\"marker\": null, \"type\": \"img\", \"id\": 57}, {\"marker\": null, \"content\": \"\u0412\u0456\u0434 \u0437\u0430\u043b\u0456\u0437\u043d\u0438\u0447\u043d\u043e\u0457 \u0441\u0442\u0430\u043d\u0446\u0456\u0457 \u0439\u0434\u0435\u043c\u043e \u043d\u0430\u0437\u0430\u0434 150 - 200 \u043c \u0432\u0437\u0434\u043e\u0432\u0436 \u043a\u043e\u043b\u0456\u0457 \u0456 \u043f\u043e\u0432\u0435\u0440\u0442\u0430\u0454\u043c\u043e \u043f\u0440\u0430\u0432\u043e\u0440\u0443\u0447 \u0447\u0435\u0440\u0435\u0437 \u043a\u043b\u0430\u0434\u043a\u0443 \u0432 \u044f\u0440 \u043d\u0435\u0432\u0435\u043b\u0438\u0447\u043a\u043e\u0433\u043e \u043f\u043e\u0442\u0456\u0447\u043a\u0430, \u0456 \u043f\u043e \u0434\u043e\u0431\u0440\u0456\u0439 \u0434\u043e\u0440\u043e\u0437\u0456, \u043d\u0435 \u0437\u0432\u0430\u0436\u0430\u044e\u0447\u0438 \u043d\u0430 \u0441\u043d\u0456\u0433\u043e\u0432\u0456 \u0437\u0430\u043c\u0435\u0442\u0438, \u043f\u043e\u043f\u0440\u0438 \u0445\u0430\u0442\u0438, \u043f\u0456\u0434\u043d\u0456\u043c\u0430\u0454\u043c\u043e\u0441\u044c \u043d\u0430 \u0433\u0430\u043b\u044f\u0432\u0438\u043d\u0438 \u0437 \u0434\u043e\u0441\u0438\u0442\u044c \u0442\u0430\u043a\u0438 \\\"\u0441\u0432\u0456\u0436\u043e\u0457\\\" \u0432\u0438\u0440\u0443\u0431\u043a\u0438. \u0422\u0443\u0442 \u043d\u0430\u0441 \u0437\u0443\u0441\u0442\u0440\u0456\u0447\u0430\u044e\u0442\u044c \u0433\u0430\u0440\u043d\u0456 \u043a\u0440\u0430\u0454\u0432\u0438\u0434\u0438 \u043d\u0430 \u0441. \u0422\u0443\u0445\u043b\u044e \u0456 \u043d\u0430\u0432\u043a\u043e\u043b\u0438\u0448\u043d\u0456 \u0433\u043e\u0440\u0438.\", \"type\": \"text\"}, {\"marker\": null, \"type\": \"img\", \"id\": 58}, {\"marker\": null, \"content\": \"\u041f\u0440\u0430\u043a\u0442\u0438\u0447\u043d\u043e \u0432\u0435\u0441\u044c \u0447\u0430\u0441 \u0432\u0438\u0434\u0456\u043c\u0456\u0441\u0442\u044c \u043d\u0435 \u043d\u0430\u0434\u0442\u043e, \u043f\u0440\u043e\u0442\u0435 \u043d\u0430 \u0434\u0435\u044f\u043a\u0438\u0439 \u0447\u0430\u0441 \u0445\u043c\u0430\u0440\u0438 \u0440\u043e\u0437\u0445\u043e\u0434\u044f\u0442\u044c\u0441\u044f, \u0456 \u043c\u0438 \u0432\u0441\u0442\u0438\u0433\u0430\u0454\u043c\u043e \u0442\u0440\u043e\u0445\u0438 \u0437\u0430\u0437\u043d\u0438\u043c\u043a\u0443\u0432\u0430\u0442\u0438 \u043a\u0440\u0430\u0454\u0432\u0438\u0434\u0456\u0432 \u0456 \u0441\u0435\u0431\u0435 \u043d\u0430 \u0457\u0445 \u0444\u043e\u043d\u0456 :)\", \"type\": \"text\"}, {\"marker\": null, \"type\": \"img\", \"id\": 59}, {\"marker\": null, \"content\": \"\u0421\u043d\u0456\u0433 \u0434\u0443\u0436\u0435 \u0433\u043b\u0438\u0431\u043e\u043a\u0438\u0439, \u043c\u0456\u0441\u0446\u044f\u043c\u0438 \u0432\u0438\u0449\u0435 \u043a\u043e\u043b\u0456\u043d.\", \"type\": \"text\"}, {\"marker\": null, \"type\": \"img\", \"id\": 60}, {\"marker\": null, \"content\": \"\u041d\u0430 \u0448\u043b\u044f\u0445\u0443 \u0434\u043e \u0433. \u041c\u0435\u043d\u0447\u0435\u043b\u0438\u043a (1078 \u043c.)\", \"type\": \"text\"}, {\"marker\": null, \"type\": \"img\", \"id\": 61}, {\"marker\": null, \"content\": \"\u0411\u0430\u0433\u0430\u0442\u043e \u0432\u0456\u0434 \u043a\u043e\u0433\u043e \u0447\u0443\u0432, \u0449\u043e \u043d\u0430 \u0433\u0430\u043b\u044f\u0432\u0438\u043d\u0430\u0445 \u043f\u0456\u0434 \u0432\u0435\u0440\u0448\u0438\u043d\u043e\u044e \u041a\u0456\u043d\u0434\u0440\u0430\u0442\u0430 \u0454 \u2013 \u0432\u0435\u043b\u0438\u0447\u0435\u0437\u043d\u0456 \u0447\u043e\u0440\u043d\u0438\u0447\u043d\u0438\u043c\u0438, \u044f\u043a\u0456 \u0443 \u043b\u0438\u043f\u043d\u0456-\u0441\u0435\u0440\u043f\u043d\u0456 \u0440\u044f\u0441\u043d\u0456\u044e\u0442\u044c \u044f\u0433\u043e\u0434\u0430\u043c\u0438, \u043c\u0438 \u0436 \u0431\u0443\u043b\u0438 \u0437\u0438\u043c\u043e\u044e \u0456 \u043d\u0435 \u0441\u0442\u0430\u043b\u0438 \u043f\u0435\u0440\u0435\u0432\u0456\u0440\u044f\u0442\u0438 \u0447\u0438 \u0454 \u043f\u0456\u0434 \u0441\u043d\u0456\u0433\u043e\u043c \u043a\u0443\u0449\u0456 \u044f\u0433\u0456\u0434 :)\", \"type\": \"text\"}, {\"marker\": null, \"type\": \"img\", \"id\": 62}, {\"marker\": null, \"content\": \"\u041d\u0435 \u0437\u0432\u0430\u0436\u0430\u044e\u0447\u0438 \u043d\u0430 \u0442\u0435, \u0449\u043e \u0441\u0430\u043c\u0430 \u0432\u0435\u0440\u0448\u0438\u043d\u0430 \u0433. \u041a\u0456\u043d\u0434\u0440\u0430\u0442 \u043f\u043e\u0432\u043d\u0456\u0441\u0442\u044e \u0437\u0430\u043b\u0456\u0441\u0438\u043d\u0430, \u043d\u0430 \u043f\u0456\u0434\u0445\u043e\u0434\u0430\u0445 \u0434\u043e \u043d\u0435\u0457 \u0442\u0440\u0430\u043f\u043b\u044f\u044e\u0442\u044c\u0441\u044f \u0433\u0430\u043b\u044f\u0432\u0438\u043d\u0438, \u0437 \u044f\u043a\u0438\u0445 \u0432\u0456\u0434\u043a\u0440\u0438\u0432\u0430\u044e\u0442\u044c\u0441\u044f \u0433\u0430\u0440\u043d\u0456 \u043a\u0440\u0430\u0454\u0432\u0438\u0434\u0438.\", \"type\": \"text\"}, {\"marker\": null, \"type\": \"img\", \"id\": 63}, {\"marker\": null, \"content\": \"\u041e\u0437\u043d\u0430\u043a\u043e\u044e \u0442\u043e\u0433\u043e, \u0449\u043e \u0432\u0438 \u043d\u0430 \u0432\u0435\u0440\u0448\u0438\u043d\u0456 \u041a\u0456\u043d\u0434\u0440\u0430\u0442\u0430 \u0454 \u043a\u0430\u043c'\u044f\u043d\u0430 \u0441\u0442\u0435\u043b\u0430, \u0430 \u0442\u0430\u043a\u043e\u0436 \u043d\u0435\u0432\u0456\u0434\u043e\u043c\u0430 \u043c\u043e\u0433\u0438\u043b\u0430. \u041d\u0430\u043f\u0438\u0441 \u043d\u0430 \u0445\u0440\u0435\u0441\u0442\u0456 \u043f\u043e\u0432\u043d\u0456\u0441\u0442\u044e \u0441\u0442\u0435\u0440\u0441\u044f. \u041f\u0440\u043e\u0431\u0443\u0432\u0430\u0432 \u0432\u0456\u0434\u0448\u0443\u043a\u0430\u0442\u0438 \u0432 \u0456\u043d\u0442\u0435\u0440\u043d\u0435\u0442\u0456 \u0447\u0438\u044f \u0432\u043e\u043d\u0430, \u043f\u0440\u043e\u0442\u0435 \u043c\u0435\u043d\u0456 \u043d\u0456\u0446 \u043d\u0435 \u0432\u0434\u0430\u043b\u043e\u0441\u044c.\\n\\n\u042f\u043a \u043f\u0438\u0441\u0430\u0432 \u0432\u0438\u0449\u0435, \u043c\u0438 \u043f\u043b\u0430\u043d\u0443\u0432\u0430\u043b\u0438 \u0449\u0435 \u0432\u0438\u0439\u0442\u0438 \u043d\u0430 \u0433. \u041c\u0430\u0442\u0430\u0433\u0456\u0432 (1217 \u043c.), \u043f\u0440\u043e\u0442\u0435 \u0447\u0435\u0440\u0435\u0437 \u043e\u0431\u043c\u0435\u0436\u0435\u043d\u0438\u0439 \u0447\u0430\u0441 \u0456 \u0434\u043e\u0441\u0438\u0442\u044c \u0442\u0430\u043a\u0438 \u0433\u043b\u0438\u0431\u043e\u043a\u0438\u0439 \u0441\u043d\u0456\u0433, \u0432\u0456\u0434\u043a\u043b\u0430\u043b\u0438 \u043f\u0456\u0434\u043a\u043e\u0440\u0435\u043d\u043d\u044f \u0446\u0456\u0454\u0457 \u0432\u0435\u0440\u0448\u0438\u043d\u0438 \u043d\u0430 \u043c\u0430\u0439\u0431\u0443\u0442\u043d\u0454.\", \"type\": \"text\"}, {\"marker\": null, \"type\": \"img\", \"id\": 64}, {\"marker\": null, \"content\": \"\u0417 \u0432\u0435\u0440\u0448\u0438\u043d\u0438 \u041a\u0456\u043d\u0434\u0440\u0430\u0442\u0430 \u043f\u043e\u043f\u0440\u044f\u043c\u0443\u0432\u0430\u043b\u0438 \u0434\u0430\u043b\u0456 \u043f\u043e \u0445\u0440\u0435\u0431\u0442\u0443 \u043d\u0430 \u043f\u0456\u0432\u0434\u0435\u043d\u043d\u0438\u0439 \u0441\u0445\u0456\u0434. \u041e\u0440\u0456\u0454\u043d\u0442\u043e\u0432\u043d\u043e \u0447\u0435\u0440\u0435\u0437 \u043f\u0456\u0432\u043a\u0456\u043b\u043e\u043c\u0435\u0442\u0440\u0430 \u043d\u0430\u0442\u0440\u0430\u043f\u043b\u044f\u0454\u043c\u043e \u043d\u0430 \u043b\u0456\u0441\u043e\u0432\u0443 \u0434\u043e\u0440\u043e\u0433\u0443, \u044f\u043a\u0430 \u043f\u043b\u0430\u0432\u043d\u0438\u043c \u0441\u043f\u0443\u0441\u043a\u043e\u043c \u0432\u0438\u0432\u043e\u0434\u0438\u0442\u044c \u043d\u0430\u0441 \u0434\u043e \u0432\u0438\u0440\u0443\u0431\u043a\u0438, \u0437\u0432\u0456\u0434\u043a\u0438 \u0442\u0440\u0430\u043a\u0442\u043e\u0440\u043d\u043e\u044e \u0434\u043e\u0440\u043e\u0433\u043e\u044e \u0432\u0438\u0445\u043e\u0434\u0438\u043c\u043e \u0434\u043e \u0445\u0430\u0442 \u0432 \u0441\u0435\u043b\u0456 \u041b\u0438\u0431\u043e\u0445\u043e\u0440\u0430, \u0449\u0435 \u0431\u043b\u0438\u0437\u044c\u043a\u043e \u043f\u0456\u0432\u0433\u043e\u0434\u0438\u043d\u0438 \u0456 \u043c\u0438 \u0432 \u0446\u0435\u043d\u0442\u0440\u0456 \u0441\u0435\u043b\u0430 \u0431\u0456\u043b\u044f \u0434\u0435\u0440\u0435\u0432\u2019\u044f\u043d\u043e\u0457 \u0446\u0435\u0440\u043a\u0432\u0438. <br>\", \"type\": \"text\"}, {\"marker\": null, \"type\": \"img\", \"id\": 65}]",
        "tags": [],
        "track": null,
        "user": 3,
        "published": true,
        "date_travel": "2014-10-02"
    },
    "model": "trip_journal_app.story",
    "pk": 18
},
{
    "fields": {
        "latitude": null,
        "story": 6,
        "likes": [
            1
        ],
        "longitude": null
    },
    "model": "trip_journal_app.picture",
    "pk": 2
},
{
    "fields": {
        "latitude": null,
        "story": 6,
        "likes": [
            1
        ],
        "longitude": null
    },
    "model": "trip_journal_app.picture",
    "pk": 3
},
{
    "fields": {
        "latitude": null,
        "story": 6,
        "likes": [],
        "longitude": null
    },
    "model": "trip_journal_app.picture",
    "pk": 4
},
{
    "fields": {
        "latitude": null,
        "story": 6,
        "likes": [],
        "longitude": null
    },
    "model": "trip_journal_app.picture",
    "pk": 5
},
{
    "fields": {
        "latitude": null,
        "story": 6,
        "likes": [],
        "longitude": null
    },
    "model": "trip_journal_app.picture",
    "pk": 6
},
{
    "fields": {
        "latitude": null,
        "story": 6,
        "likes": [],
        "longitude": null
    },
    "model": "trip_journal_app.picture",
    "pk": 7
},
{
    "fields": {
        "latitude": null,
        "story": 6,
        "likes": [],
        "longitude": null
    },
    "model": "trip_journal_app.picture",
    "pk": 8
},
{
    "fields": {
        "latitude": null,
        "story": 6,
        "likes": [],
        "longitude": null
    },
    "model": "trip_journal_app.picture",
    "pk": 9
},
{
    "fields": {
        "latitude": null,
        "story": 6,
        "likes": [],
        "longitude": null
    },
    "model": "trip_journal_app.picture",
    "pk": 10
},
{
    "fields": {
        "latitude": null,
        "story": 6,
        "likes": [],
        "longitude": null
    },
    "model": "trip_journal_app.picture",
    "pk": 11
},
{
    "fields": {
        "latitude": null,
        "story": 6,
        "likes": [],
        "longitude": null
    },
    "model": "trip_journal_app.picture",
    "pk": 12
},
{
    "fields": {
        "latitude": null,
        "story": 7,
        "likes": [],
        "longitude": null
    },
    "model": "trip_journal_app.picture",
    "pk": 13
},
{
    "fields": {
        "latitude": null,
        "story": 7,
        "likes": [],
        "longitude": null
    },
    "model": "trip_journal_app.picture",
    "pk": 14
},
{
    "fields": {
        "latitude": null,
        "story": 7,
        "likes": [],
        "longitude": null
    },
    "model": "trip_journal_app.picture",
    "pk": 15
},
{
    "fields": {
        "latitude": null,
        "story": 7,
        "likes": [],
        "longitude": null
    },
    "model": "trip_journal_app.picture",
    "pk": 16
},
{
    "fields": {
        "latitude": null,
        "story": 7,
        "likes": [],
        "longitude": null
    },
    "model": "trip_journal_app.picture",
    "pk": 17
},
{
    "fields": {
        "latitude": null,
        "story": 7,
        "likes": [
            1
        ],
        "longitude": null
    },
    "model": "trip_journal_app.picture",
    "pk": 18
},
{
    "fields": {
        "latitude": null,
        "story": 7,
        "likes": [],
        "longitude": null
    },
    "model": "trip_journal_app.picture",
    "pk": 19
},
{
    "fields": {
        "latitude": null,
        "story": 7,
        "likes": [],
        "longitude": null
    },
    "model": "trip_journal_app.picture",
    "pk": 20
},
{
    "fields": {
        "latitude": null,
        "story": 7,
        "likes": [],
        "longitude": null
    },
    "model": "trip_journal_app.picture",
    "pk": 21
},
{
    "fields": {
        "latitude": null,
        "story": 7,
        "likes": [],
        "longitude": null
    },
    "model": "trip_journal_app.picture",
    "pk": 22
},
{
    "fields": {
        "latitude": null,
        "story": 8,
        "likes": [],
        "longitude": null
    },
    "model": "trip_journal_app.picture",
    "pk": 23
},
{
    "fields": {
        "latitude": null,
        "story": 8,
        "likes": [],
        "longitude": null
    },
    "model": "trip_journal_app.picture",
    "pk": 24
},
{
    "fields": {
        "latitude": null,
        "story": 8,
        "likes": [],
        "longitude": null
    },
    "model": "trip_journal_app.picture",
    "pk": 25
},
{
    "fields": {
        "latitude": null,
        "story": 8,
        "likes": [],
        "longitude": null
    },
    "model": "trip_journal_app.picture",
    "pk": 26
},
{
    "fields": {
        "latitude": null,
        "story": 8,
        "likes": [],
        "longitude": null
    },
    "model": "trip_journal_app.picture",
    "pk": 27
},
{
    "fields": {
        "latitude": null,
        "story": 8,
        "likes": [],
        "longitude": null
    },
    "model": "trip_journal_app.picture",
    "pk": 28
},
{
    "fields": {
        "latitude": null,
        "story": 8,
        "likes": [],
        "longitude": null
    },
    "model": "trip_journal_app.picture",
    "pk": 29
},
{
    "fields": {
        "latitude": null,
        "story": 8,
        "likes": [],
        "longitude": null
    },
    "model": "trip_journal_app.picture",
    "pk": 30
},
{
    "fields": {
        "latitude": null,
        "story": 8,
        "likes": [],
        "longitude": null
    },
    "model": "trip_journal_app.picture",
    "pk": 31
},
{
    "fields": {
        "latitude": null,
        "story": 8,
        "likes": [],
        "longitude": null
    },
    "model": "trip_journal_app.picture",
    "pk": 32
},
{
    "fields": {
        "latitude": null,
        "story": 8,
        "likes": [],
        "longitude": null
    },
    "model": "trip_journal_app.picture",
    "pk": 33
},
{
    "fields": {
        "latitude": null,
        "story": 13,
        "likes": [],
        "longitude": null
    },
    "model": "trip_journal_app.picture",
    "pk": 39
},
{
    "fields": {
        "latitude": null,
        "story": 15,
        "likes": [],
        "longitude": null
    },
    "model": "trip_journal_app.picture",
    "pk": 41
},
{
    "fields": {
        "latitude": null,
        "story": 17,
        "likes": [],
        "longitude": null
    },
    "model": "trip_journal_app.picture",
    "pk": 42
},
{
    "fields": {
        "latitude": null,
        "story": 17,
        "likes": [],
        "longitude": null
    },
    "model": "trip_journal_app.picture",
    "pk": 43
},
{
    "fields": {
        "latitude": null,
        "story": 17,
        "likes": [],
        "longitude": null
    },
    "model": "trip_journal_app.picture",
    "pk": 44
},
{
    "fields": {
        "latitude": null,
        "story": 17,
        "likes": [],
        "longitude": null
    },
    "model": "trip_journal_app.picture",
    "pk": 45
},
{
    "fields": {
        "latitude": null,
        "story": 17,
        "likes": [],
        "longitude": null
    },
    "model": "trip_journal_app.picture",
    "pk": 46
},
{
    "fields": {
        "latitude": null,
        "story": 17,
        "likes": [],
        "longitude": null
    },
    "model": "trip_journal_app.picture",
    "pk": 47
},
{
    "fields": {
        "latitude": null,
        "story": 17,
        "likes": [],
        "longitude": null
    },
    "model": "trip_journal_app.picture",
    "pk": 48
},
{
    "fields": {
        "latitude": null,
        "story": 17,
        "likes": [],
        "longitude": null
    },
    "model": "trip_journal_app.picture",
    "pk": 49
},
{
    "fields": {
        "latitude": null,
        "story": 17,
        "likes": [],
        "longitude": null
    },
    "model": "trip_journal_app.picture",
    "pk": 50
},
{
    "fields": {
        "latitude": null,
        "story": 17,
        "likes": [],
        "longitude": null
    },
    "model": "trip_journal_app.picture",
    "pk": 51
},
{
    "fields": {
        "latitude": null,
        "story": 17,
        "likes": [],
        "longitude": null
    },
    "model": "trip_journal_app.picture",
    "pk": 52
},
{
    "fields": {
        "latitude": null,
        "story": 17,
        "likes": [],
        "longitude": null
    },
    "model": "trip_journal_app.picture",
    "pk": 53
},
{
    "fields": {
        "latitude": null,
        "story": 17,
        "likes": [],
        "longitude": null
    },
    "model": "trip_journal_app.picture",
    "pk": 54
},
{
    "fields": {
        "latitude": null,
        "story": 17,
        "likes": [],
        "longitude": null
    },
    "model": "trip_journal_app.picture",
    "pk": 55
},
{
    "fields": {
        "latitude": 48.922518,
        "story": 18,
        "likes": [],
        "longitude": 23.477715
    },
    "model": "trip_journal_app.picture",
    "pk": 56
},
{
    "fields": {
        "latitude": null,
        "story": 18,
        "likes": [],
        "longitude": null
    },
    "model": "trip_journal_app.picture",
    "pk": 57
},
{
    "fields": {
        "latitude": null,
        "story": 18,
        "likes": [],
        "longitude": null
    },
    "model": "trip_journal_app.picture",
    "pk": 58
},
{
    "fields": {
        "latitude": null,
        "story": 18,
        "likes": [],
        "longitude": null
    },
    "model": "trip_journal_app.picture",
    "pk": 59
},
{
    "fields": {
        "latitude": 48.591056,
        "story": 18,
        "likes": [],
        "longitude": 23.658591
    },
    "model": "trip_journal_app.picture",
    "pk": 60
},
{
    "fields": {
        "latitude": null,
        "story": 18,
        "likes": [],
        "longitude": null
    },
    "model": "trip_journal_app.picture",
    "pk": 61
},
{
    "fields": {
        "latitude": 48.927164,
        "story": 18,
        "likes": [],
        "longitude": 23.534444
    },
    "model": "trip_journal_app.picture",
    "pk": 62
},
{
    "fields": {
        "latitude": 48.927164,
        "story": 18,
        "likes": [],
        "longitude": 23.534444
    },
    "model": "trip_journal_app.picture",
    "pk": 63
},
{
    "fields": {
        "latitude": null,
        "story": 18,
        "likes": [],
        "longitude": null
    },
    "model": "trip_journal_app.picture",
    "pk": 64
},
{
    "fields": {
        "latitude": 48.922518,
        "story": 18,
        "likes": [],
        "longitude": 23.477715
    },
    "model": "trip_journal_app.picture",
    "pk": 65
},
{
    "fields": {
        "uid": "olesiahr@gmail.com",
        "extra_data": "{\"token_type\": \"Bearer\", \"access_token\": \"ya29.kADeXimDdrbVwBDXObjgRFv9-DrPS9Wf4v0_6TIxJ-9Ypw6AWY7kGxaE\", \"expires\": 3597}",
        "user": 1,
        "provider": "google-oauth2"
    },
    "model": "default.usersocialauth",
    "pk": 1
},
{
    "fields": {
        "uid": "1547368912162975",
        "extra_data": "{\"access_token\": \"CAALIz2mRNaABAIKS08J44fZC1TZAt4ZCKp7oZBBhRCKB3ksbXSVIVahaog0o3FhmlDBL5ZA8Gn2BsVqAC3UMlsrWP3gJr2vim57oxuuBh9GRT5kQ7eAH22ZBewBI6doHFJYYZC6hcGtbjwxttcR4W7xlMm0qOWhinlZC0cFmA3xSAxEiFsUio0OjrrL7YZAecwpTIAN4fCLqg2iMSFo2RpKNe\", \"expires\": \"5183991\", \"id\": \"1547368912162975\"}",
        "user": 2,
        "provider": "facebook"
    },
    "model": "default.usersocialauth",
    "pk": 2
},
{
    "fields": {
        "uid": "bojduk@gmail.com",
        "extra_data": "{\"token_type\": \"Bearer\", \"access_token\": \"ya29.kgCtBKZsrEN_nAD3x13azP7kq7_gwLwOhNT1YIFydzU6QL3RLc_T54Ib\", \"expires\": 3596}",
        "user": 3,
        "provider": "google-oauth2"
    },
    "model": "default.usersocialauth",
    "pk": 3
}
]
